posicion;nombre;edad;nac;valor_M€;sit_cantera;club;ganado;x;perdido;min;media;gleq;eneq;gol;gol/90;asis;asis/90;xg;%_pase;ent;reg/90;%_disparos;cab_g/90;min/par;pen_%;pen;cenin;ent_cl;gl_err;ocg;oc_c/90;tirp/90;tap;rob/90;rob;reg;ent_%;rp_%;rcg_%;pep_%;ps_i/90;pas_i;ps_c/90;pas_c;pas_cl;pas_clv/90;ent_g;dist/90_km;tir/90;desp;cencom;cenc/i;cab;bre;bds;bat;bal_aér/90;cab_int;%_penaltis_parados;portería_imbatida;pen_parados;pen_m;ama;roj
6Extremo;Adrián Embarba;30;ESP;;;Almería;;;;2184;6,5;24;;1;0,04;2;0,08;2,54;86;2,27;2,14;26;3,05;72,8;;0;61;1;0;4;0,16;0,21;5;1,73;42;52;82;;55;;41,7;1012;36,06;875;27;1,11;55;13,7;0,78;40;15;24;74;;;;5,52;134;;;0;0;6;0
6Extremo;Alejandro Pozo;23;ESP;;;Almería;;;;2365;6,82;21;;1;0,04;5;0,19;1,4;89;2,4;3,42;33;3,73;81,55;;0;292;6;0;9;0,34;0,11;3;3,39;89;90;79;;56;;38,28;1006;34,25;900;55;2,09;63;13,2;0,34;108;57;19;98;;;;6,62;174;;;0;0;6;0
2Lateral;Álex Centelles;22;ESP;;;Almería;;;;2432;6,44;26;;0;;2;0,07;0,1;91;2,18;0,7;0;5,77;71,53;;0;95;4;0;4;0,15;0;0;2,89;78;19;80;;83;;43,74;1182;39,93;1079;27;1;59;12,6;0,11;134;20;21;156;;;;6,99;189;;;0;0;5;0
3Defensa;Chumi;23;ESP;;;Almería;;;;2523;6,8;28;;1;0,04;0;;0,45;97;0,71;0,04;50;10,42;76,45;;0;0;3;0;0;;0,14;4;2,85;80;1;69;;83;;55,01;1542;53,4;1497;1;0,04;20;10,4;0,29;249;0;0;292;;;;12,49;350;;;0;0;7;0
7Delantero;Dyego Sousa;32;POR;;;Almería;;;;1167;6,8;18;;4;0,31;1;0,08;4,18;78;0,77;0,54;50;10,41;50,74;;0;12;0;0;6;0,46;1,77;23;0,62;8;7;71;;58;;44,88;582;34,94;453;19;1,47;10;13,3;3,55;33;2;16;135;;;;17,81;231;;;0;0;3;0
7Delantero;El Bilal Touré;20;MLI;;;Almería;;;;2156;6,64;19;;6;0,25;1;0,04;8,18;83;0,25;0,63;40;5,64;71,87;;0;21;0;0;6;0,25;1,04;25;0,63;15;15;46;;36;;28,3;678;23,5;563;21;0,88;6;12;2,63;52;7;33;135;;;;15,65;375;;;0;0;1;0
1Portero;Fernando Pacheco;29;ESP;;;Almería;;;;2970;6,93;30;44;0;;0;;0;56;0,06;;;;90;;0;;0;1;0;;;;0,45;15;0;33;77;;84;39,42;1301;22,18;732;4;0,12;2;6,3;;;;;;50;21;73;;;;8;0;0;0;0
6Extremo;Francisco Portillo;31;ESP;;;Almería;;;;442;6,67;5;;0;;2;0,41;0,3;81;1,43;2,24;40;1,63;17;;0;46;0;0;4;0,81;0,41;2;1,22;6;11;78;;38;;45,61;224;36,86;181;18;3,67;7;16,6;1,02;5;10;21;8;;;;4,28;21;;;0;0;1;0
4Mediocentro;Gonzalo Melero;28;ESP;;;Almería;;;;3012;6,78;27;;2;0,06;1;0,03;4,05;91;1,49;0,21;46;4;83,67;67;3;11;3;1;5;0,15;0,36;12;1,43;48;7;76;;72;;72,22;2417;66,07;2211;29;0,87;50;13,2;0,78;105;3;27;134;;;;5,53;185;76;;2;2;10;0
2Lateral;Houboulang Mendes;24;FRA;;;Almería;;;;1096;6,8;10;;0;;1;0,08;0,13;97;1,89;0,33;50;9,61;42,15;;0;19;2;1;1;0,08;0,08;1;2,63;32;4;74;;77;;53,21;648;51,41;626;6;0,49;23;11,8;0,16;105;6;31;117;;;;12,48;152;;;0;0;3;0
4Mediocentro;Íñigo Eguaras;30;ESP;;;Almería;;;;253;6,62;2;;0;;0;;0,04;89;0,36;;100;2,85;16,87;;0;12;0;0;0;;0,36;1;1,42;4;0;100;;73;;56,21;158;49,8;140;4;1,42;1;15,6;0,36;4;4;33;8;;;;3,91;11;;;0;0;1;0
2Lateral;Iván Martos;25;ESP;;;Almería;;;;627;6,55;3;;0;;0;;0;86;3,01;1,15;;4,02;33;;0;23;0;0;1;0,14;;;3,01;21;8;91;;76;;42,78;298;36,89;257;6;0,86;21;13,3;;31;4;17;28;;;;5,31;37;;;0;0;1;1
2Lateral;Juanjo Nieto;27;ESP;;;Almería;;;;1096;6,78;12;;0;;1;0,08;0,05;93;2,22;0,74;0;6,32;43,84;;0;30;3;0;2;0,16;0;0;3,12;38;9;73;;72;;49,6;604;46,15;562;12;0,99;27;12,8;0,08;79;13;43;77;;;;8,79;107;;;0;0;2;0
3Defensa;Kaiky;18;BRA;;;Almería;;;;2696;6,58;23;;1;0,03;0;;0,65;97;0,7;0,1;67;8,68;86,97;;0;0;6;1;0;;0,27;8;1,9;57;3;78;;81;;57,72;1729;55,92;1675;6;0,2;21;10,3;0,4;253;0;0;260;;;;10,75;322;;;0;0;4;1
6Extremo;Largie Ramazani;21;BEL;;;Almería;;;;2358;6,59;21;;5;0,19;1;0,04;5;84;2,79;2,79;44;2,14;69,35;;0;72;1;1;10;0,38;0,92;24;1,83;48;73;83;;44;;33,97;890;28,59;749;31;1,18;73;14;2,06;38;16;22;56;;;;4,89;128;;;0;0;2;0
6Extremo;Léo Baptistão;29;BRA;;;Almería;;;;2476;6,62;28;;5;0,18;2;0,07;4,84;83;1,24;1,49;42;5,2;72,82;;0;43;1;0;9;0,33;0,58;16;1,27;35;41;71;;50;;35,22;969;29,26;805;35;1,27;34;12,9;1,38;50;10;23;143;;;;10,43;287;;;0;0;4;0
5Mediapunta;Lucas Robertone;25;ARG;;;Almería;;;;2621;6,72;23;;5;0,17;3;0,1;6,09;86;1,06;0,45;47;1,82;72,81;100;1;64;0;1;6;0,21;0,89;26;1,27;37;13;74;;64;;54,73;1594;46,87;1365;38;1,3;31;13,6;1,89;20;13;20;53;;;;2,85;83;74;;1;1;5;1
7Delantero;Marko Milovanovic;18;SRB;;;Almería;;;;168;6,66;2;;0;;1;0,54;0,39;84;1,07;0,54;60;10,18;21;;0;0;0;0;2;1,07;1,61;3;0,54;1;1;67;;44;;41,25;77;34,82;65;3;1,61;2;14,5;2,68;5;0;0;19;;;;23,04;43;;;0;0;1;0
3Defensa;Rodrigo Ely;28;BRA;;;Almería;;;;714;6,44;6;;0;;0;;0,25;95;0,88;;33;5,04;71,4;;0;0;2;0;0;;0,13;1;1,64;13;0;78;;75;;70,34;558;66,93;531;0;;7;10;0,38;52;0;0;40;;;;6,68;53;;;0;0;3;0
4Mediocentro;Samú;21;POR;;;Almería;;;;2669;6,75;29;;2;0,07;3;0,1;2;90;1,75;0,17;30;3,47;76,26;;0;19;1;0;5;0,17;0,2;6;0,88;26;5;81;;66;;63,33;1878;57,19;1696;28;0,94;52;13;0,67;68;4;21;103;;;;5,29;157;;;0;0;1;1
2Lateral;Sergio Akieme;24;EQG;;;Almería;;;;335;6,4;3;;0;;0;;0,17;93;2,15;;67;5,91;83,75;;0;13;1;0;1;0,27;0,54;2;2,69;10;0;100;;88;;51,04;190;47,55;177;4;1,07;8;12,1;0,81;26;2;15;22;;;;6,72;25;;;0;0;1;0
3Defensa;Srdan Babic;26;SRB;;;Almería;;;;246;6,74;7;;0;;0;;0,07;99;0,37;;100;9,15;30,75;;0;2;0;0;1;0,37;0,37;1;2,2;6;0;100;;93;;58,9;161;58,17;159;1;0,37;1;10,9;0,37;26;0;0;25;;;;9,88;27;;;0;0;0;0
6Extremo;Álex Berenguer;26;ESP;;;Athletic Club;;;;2537;7,09;33;;8;0,28;9;0,32;7,02;84;1,49;2,87;52;3,41;70,47;;0;263;0;0;25;0,89;1,17;33;1,24;35;81;88;;57;;53,43;1506;45,02;1269;86;3,05;42;14,3;2,27;25;62;23;96;;;;6;169;;;0;0;1;0
2Lateral;Ander Capa;30;ESP;;;Athletic Club;;;;2496;7,05;37;;0;;8;0,29;0,15;92;2,02;2,85;33;4,72;80,52;;0;253;10;0;16;0,58;0,04;1;3,57;99;79;90;;69;;54,34;1507;50,12;1390;47;1,69;56;13,2;0,11;97;51;20;131;;;;6,85;190;;;0;0;2;0
4Mediocentro;Ander Herrera;32;ESP;;;Athletic Club;;;;2921;6,96;35;;6;0,18;1;0,03;3,55;92;1,57;0,06;55;1,85;83,46;100;3;16;0;0;13;0,4;0,34;11;0,96;31;2;69;;69;;96,5;3132;88,68;2878;38;1,17;51;12,7;0,62;30;7;43;60;;;;2,68;87;69;;3;3;9;2
7Delantero;Asier Villalibre;24;ESP;;;Athletic Club;;;;923;6,97;15;;5;0,49;0;;5,42;86;0,68;0,39;56;4,19;41,95;;0;3;0;0;2;0,2;2,34;24;0,2;2;4;88;;46;;43,29;444;37,15;381;15;1,46;7;13,2;4,19;13;0;0;43;;;;9,17;94;;;0;0;1;0
4Mediocentro;Dani García;31;ESP;;;Athletic Club;;;;2622;6,89;37;;1;0,03;2;0,07;0,88;94;1,06;0,03;31;2,33;70,86;;0;8;0;0;1;0,03;0,17;5;1;29;1;63;;64;;95,97;2796;90,14;2626;22;0,76;31;12,6;0,55;48;2;25;68;;;;3,67;107;;;0;0;8;0
3Defensa;Dani Vivian;22;ESP;;;Athletic Club;;;;1069;6,94;15;;0;;0;;0,28;98;0,42;;50;7,66;59,39;;0;2;1;0;1;0,08;0,17;2;2,53;30;0;71;;66;;98,33;1168;96,82;1150;1;0,08;5;11,1;0,34;76;1;50;91;;;;11,53;137;;;0;0;1;0
6Extremo;Iker Muniain;29;ESP;;;Athletic Club;;;;1035;6,8;11;;2;0,17;2;0,17;2,64;89;1,04;1,83;39;2,17;73,93;;0;83;0;0;4;0,35;0,96;11;1,48;17;21;71;;45;;57,91;666;51,74;595;23;2;12;14,1;2,43;7;22;26;25;;;;4,78;55;;;0;0;1;0
6Extremo;Iñaki Williams;27;GHA;;;Athletic Club;;;;2020;6,88;24;;6;0,27;3;0,13;9,53;88;0,67;2,9;59;4,28;80,8;;0;53;1;0;3;0,13;1,96;44;1,02;23;65;68;;52;;42,19;947;37,02;831;22;0,98;15;13,5;3,3;32;9;16;96;;;;8,2;184;;;0;0;1;0
2Lateral;Íñigo Lekue;29;ESP;;;Athletic Club;;;;1022;6,9;7;;0;;2;0,18;0,17;92;1,67;1,94;100;5,72;35,24;;0;73;1;0;4;0,35;0,26;3;3,43;39;22;76;;84;;56,98;647;52,22;593;14;1,23;19;14,2;0,26;50;14;19;65;;;;6,78;77;;;0;0;1;0
3Defensa;Íñigo Martínez;30;ESP;;;Athletic Club;;;;2979;6,88;38;;2;0,06;0;;1,88;99;0,6;0,06;14;8,64;87,62;;0;0;2;1;0;;0,12;4;2,36;78;2;65;;78;;84,62;2801;83,38;2760;4;0,12;20;10,2;0,88;179;0;0;286;;;;11,06;366;;;0;0;6;0
6Extremo;Jon Morcillo;23;ESP;;;Athletic Club;;;;985;6,82;10;;2;0,18;1;0,09;1,45;88;0,82;2,28;50;4,48;41,04;;0;65;0;0;7;0,64;0,91;10;1,19;13;25;90;;62;;49,25;539;43,58;477;33;3,02;9;14,4;1,83;20;26;40;49;;;;7,22;79;;;0;0;0;0
2Lateral;Mikel Balenziaga;34;ESP;;;Athletic Club;;;;693;6,65;11;;0;;0;;0,38;92;1,56;0,91;60;4,03;33;;0;23;1;1;0;;0,39;3;3,12;24;7;100;;63;;71,43;550;65,97;508;5;0,65;12;13,5;0,65;22;7;30;31;;;;6,36;49;;;0;0;1;0
4Mediocentro;Mikel Vesga;28;ESP;;;Athletic Club;;;;906;6,83;13;;0;;1;0,1;1,02;92;1,29;;29;4,87;33,56;;0;5;1;0;1;0,1;0,4;4;1,29;13;0;65;;75;;90,2;908;82,85;834;9;0,89;13;14;1,39;21;3;60;49;;;;6,46;65;;;0;0;1;0
6Extremo;Nico Williams;19;ESP;;;Athletic Club;;;;1232;6,97;25;;8;0,58;2;0,15;5,09;89;0,22;3,21;57;5,19;42,48;100;1;40;0;0;5;0,37;1,75;24;1,46;20;44;50;;72;;58,22;797;52,01;712;21;1,53;3;14,5;3,07;19;9;22;71;;;;7,23;99;50;;1;1;2;0
4Mediocentro;Oihan Sancet;22;ESP;;;Athletic Club;;;;907;6,81;12;;0;;2;0,2;0,99;89;0,79;0,6;26;4,27;29,26;;0;10;1;0;6;0,6;0,5;5;1,09;11;6;62;;69;;87,82;885;78,19;788;17;1,69;8;14,7;1,89;24;2;20;43;;;;6,15;62;;;0;0;0;0
7Delantero;Raúl García;35;ESP;;;Athletic Club;;;;1574;6,85;22;;3;0,17;3;0,17;3,74;90;0,63;0,11;42;2,8;71,55;;0;4;0;0;4;0,23;0,74;13;0,74;13;2;65;;45;;60,32;1055;54,43;952;17;0,97;11;13,4;1,77;20;0;0;49;;;;6,23;109;;;0;0;0;0
1Portero;Unai Simón;24;ESP;;;Athletic Club;;;;3420;7,02;45;38;0;;0;;0;88;0;;;;90;;0;;0;1;1;0,03;;;0,26;10;0;0;74;;86;37,58;1428;32,97;1253;2;0,05;0;6,6;;;;;;32;11;66;;;;16;0;0;0;0
4Mediocentro;Unai Vencedor;21;ESP;;;Athletic Club;;;;2385;6,81;28;;0;;0;;1,38;91;0,98;0,08;31;2,04;64,46;;0;17;0;0;3;0,11;0,19;5;1,25;33;2;79;;61;;93,43;2476;84,57;2241;21;0,79;26;13;0,6;35;5;29;54;;;;3,36;89;;;0;0;4;0
3Defensa;Yeray;27;ESP;;;Athletic Club;;;;2944;6,96;40;;2;0,06;0;;1,26;99;0,7;;38;9,02;89,21;;0;1;3;0;2;0,06;0,15;5;2,51;82;0;82;;77;;85,32;2791;84,1;2751;3;0,09;23;10,3;0,4;203;1;100;295;;;;11,74;384;;;0;0;7;0
2Lateral;Yuri;32;ESP;;;Athletic Club;;;;2479;6,89;33;;0;;3;0,11;0,4;91;1,89;1,89;40;6,5;75,12;;0;157;2;0;9;0,33;0,07;2;2,58;71;52;88;;84;;62,59;1724;57,14;1574;47;1,71;52;13,1;0,18;117;37;23;179;;;;7,73;213;;;0;0;6;1
4Mediocentro;Adrien Rabiot;27;FRA;;;Atlético de Madrid;;;;266;6,76;3;;0;;0;;0,36;89;0,34;0,68;25;2,71;29,56;;0;5;1;0;1;0,34;0,34;1;1,35;4;2;50;;89;;83,23;246;74,44;220;6;2,03;1;14,6;1,35;5;2;40;8;;;;3,05;9;;;0;0;2;0
6Extremo;Ángel Correa;27;ARG;;;Atlético de Madrid;;;;1283;6,89;17;;3;0,21;3;0,21;3,64;88;0,56;1,26;38;1,26;40,09;;0;47;0;0;10;0,7;0,77;11;0,7;10;18;67;;33;;45,04;642;39,49;563;32;2,24;8;13,9;2,03;7;14;29;18;;;;3,79;54;;;0;0;1;0
6Extremo;Antoine Griezmann;31;FRA;;;Atlético de Madrid;;;;2600;6,82;33;;13;0,45;1;0,03;13,06;86;0,62;1,28;50;2,35;76,47;;0;22;0;0;4;0,14;1,59;46;0,42;12;37;69;;34;;32,82;948;28,18;814;23;0,8;18;12,8;3,18;13;1;4;68;;;;6,89;199;;;0;0;1;0
4Mediocentro;Axel Witsel;33;BEL;;;Atlético de Madrid;;;;1189;6,75;14;;0;;0;;1,96;92;1,44;;33;2,57;39,63;0;2;9;0;0;2;0,15;0,23;3;0,38;5;0;73;;65;;87,43;1155;80,24;1060;10;0,76;19;12,9;0,68;22;3;33;34;;;;3,94;52;73;;0;0;5;0
3Defensa;Felipe;33;BRA;;;Atlético de Madrid;;;;2892;6,92;38;;0;;0;;1,03;99;0,84;;30;11,86;85,06;;0;2;4;0;0;;0,19;6;2,15;69;0;77;;86;;67,56;2171;66,66;2142;3;0,09;27;10;0,62;281;1;50;381;;;;13,79;443;;;0;0;6;1
4Mediocentro;Geoffrey Kondogbia;29;CTA;;;Atlético de Madrid;;;;877;6,9;10;;2;0,21;0;;1,31;93;2,26;0,31;71;3,69;38,13;;0;14;0;0;0;;1,23;12;0,21;2;3;88;;77;;88,67;864;82,41;803;6;0,62;22;13,4;1,74;20;3;21;36;;;;4,82;47;;;0;0;2;1
1Portero;Jan Oblak;29;SVN;;;Atlético de Madrid;;;;3420;7,01;45;27;0;;0;;0;85;0,05;;;;90;;0;;0;1;0;;;;0,21;8;0;50;78;;85;30,24;1149;25,71;977;1;0,03;2;6,2;;;;;;35;20;41;;;;16;0;0;0;0
5Mediapunta;João Félix;22;POR;;;Atlético de Madrid;;;;2344;6,77;31;;6;0,23;2;0,08;6,02;86;1,96;2,07;35;1,42;66,97;;0;38;0;0;6;0,23;0,69;18;2,03;53;54;70;;43;;54,1;1409;46,57;1213;32;1,23;51;14,6;1,96;11;8;21;37;;;;3,3;86;;;0;0;4;1
3Defensa;José Giménez;27;URU;;;Atlético de Madrid;;;;2315;6,75;35;;2;0,08;0;;1,03;97;1,28;;56;6,57;79,83;;0;3;3;0;0;;0,35;9;2,06;53;0;79;;74;;69,82;1796;68,07;1751;1;0,04;33;10,2;0,62;137;0;0;169;;;;8,9;229;;;0;0;7;0
4Mediocentro;Koke;30;ESP;;;Atlético de Madrid;;;;2493;7,05;35;;1;0,04;2;0,07;2,62;88;1,84;0,25;33;1,48;69,25;;0;243;0;1;9;0,32;0,29;8;1,26;35;7;81;;76;;95,27;2639;84,19;2332;91;3,29;51;13,1;0,87;25;64;26;41;;;;1,95;54;;;0;0;4;0
4Mediocentro;Marcos Llorente;27;ESP;;;Atlético de Madrid;;;;2679;6,88;35;;1;0,03;6;0,2;1,76;91;1,75;0,47;35;3,7;72,41;;0;122;1;0;17;0,57;0,2;6;1,61;48;14;75;;71;;73,57;2190;67,05;1996;51;1,71;52;13,3;0,57;53;31;25;110;;;;5,17;154;;;0;0;5;0
2Lateral;Mario Hermoso;26;ESP;;;Atlético de Madrid;;;;2245;6,67;32;;0;;1;0,04;0,48;98;1,16;;20;4,17;72,42;;0;3;3;0;0;;0,04;1;1,88;47;0;85;;73;;64,34;1605;63,1;1574;2;0,08;29;10,3;0,2;106;0;0;104;;;;5,69;142;;;0;0;0;0
6Extremo;Matheus Cunha;22;BRA;;;Atlético de Madrid;;;;539;6,76;8;;1;0,17;0;;1,3;88;1,17;2,34;20;4,84;28,37;;0;13;0;0;2;0,33;0,5;3;2;12;14;58;;55;;61,45;368;53,77;322;7;1,17;7;15,5;2,5;9;2;15;29;;;;8,85;53;;;0;0;1;0
4Mediocentro;Nahitan Nández;26;URU;;;Atlético de Madrid;;;;808;6,74;8;;0;;1;0,11;0,19;90;2,9;3,56;0;3,56;73,45;;0;81;2;0;1;0,11;0;0;1,89;17;32;74;;64;;49,34;443;44,55;400;15;1,67;26;13,9;0,33;21;12;14;32;;;;5,57;50;;;0;0;3;0
2Lateral;Nahuel Molina;24;ARG;;;Atlético de Madrid;;;;1359;7,09;23;;0;;7;0,46;0,51;91;3,05;3,91;25;5,03;46,86;;0;220;2;0;12;0,79;0,13;2;2,25;34;59;79;;74;;52,12;787;47,48;717;42;2,78;46;14,1;0,53;40;39;17;76;;;;6,82;103;;;0;0;3;1
2Lateral;Reinildo;28;MOZ;;;Atlético de Madrid;;;;1372;6,84;14;;0;;1;0,07;0,44;96;1,77;0,59;0;8,27;54,88;;0;40;3;0;0;;0;0;2,43;37;9;84;;80;;67,83;1034;65,27;995;9;0,59;27;11,6;0,52;98;6;15;126;;;;10,36;158;;;0;0;1;0
6Extremo;Rodrigo De Paul;27;ARG;;;Atlético de Madrid;;;;1606;6,98;22;;4;0,22;2;0,11;3,52;87;1,34;1,85;37;1,85;55,38;0;1;99;0;0;6;0,34;0,73;13;1,29;23;33;77;;65;;74,87;1336;65,12;1162;42;2,35;24;13,9;1,96;15;32;32;33;;;;2,86;51;77;;0;0;3;0
6Extremo;Saúl;27;ESP;;;Atlético de Madrid;;;;2441;6,97;30;;2;0,07;1;0,04;3,15;91;1,25;0,77;42;4,54;71,79;;0;41;1;0;7;0,26;0,77;21;0,85;23;21;68;;75;;85,17;2310;77,46;2101;32;1,18;34;12,9;1,84;70;11;26;123;;;;6,05;164;;;0;0;2;0
2Lateral;Sergio Reguilón;25;ESP;;;Atlético de Madrid;;;;1043;6,8;11;;0;;1;0,09;0,08;91;3,54;3,11;50;3,71;41,72;;0;117;0;0;5;0,43;0,09;1;1,81;21;36;84;;67;;51,95;602;47,29;548;22;1,9;41;14,4;0,17;28;21;17;43;;;;5,52;64;;;0;0;1;1
3Defensa;Stefan Savic;31;MNE;;;Atlético de Madrid;;;;1552;6,8;14;;1;0,06;1;0,06;0,69;97;1,04;0,06;38;5,97;64,67;;0;4;5;1;0;;0,17;3;2,26;39;1;95;;82;;64,25;1108;62,4;1076;2;0,12;18;10,3;0,46;102;1;25;103;;;;7,25;125;;;0;0;2;0
6Extremo;Yannick Carrasco;28;BEL;;;Atlético de Madrid;;;;2042;6,77;33;;5;0,22;5;0,22;4,95;91;2,64;4,76;47;5,16;70,41;100;4;86;1;0;8;0,35;0,62;14;3,17;72;108;79;;72;;52,18;1184;47,25;1072;31;1,37;60;13,6;1,32;78;15;17;117;;;;7,18;163;79;;4;4;2;0
2Lateral;Alejandro Balde;18;ESP;24,5;club;Barcelona;14;4;1;973;6,86;23;;0;;0;;0,15;90;0,92;2,87;67;5,09;51,21;;0;95;2;0;8;0,74;0,18;2;3,05;33;31;59;;67;;55,31;598;50,04;541;23;2,13;10;13,7;0,28;46;18;18;55;;;;7,58;82;;;0;0;1;1
3Defensa;Andreas Christensen;26;DEN;71,5;;Barcelona;18;8;1;2085;7,14;55;;4;0,17;1;0,04;0,75;98;0,6;0,04;60;9,45;77,22;;0;2;4;0;2;0,09;0,26;6;3,58;83;1;74;;78;;80,37;1862;78,78;1825;5;0,22;14;11;0,43;155;1;50;219;;;;12,17;282;;;0;0;2;0
6Extremo;Ángel Alarcón;18;ESP;5,25;club;Barcelona;4;0;1;207;6,97;4;;1;0,43;0;;2,03;84;0,87;2,17;0,5;4,78;41,4;;0;4;0;0;2;0,87;2,61;6;1,3;3;5;67;;0,58;;39,13;90;33,04;76;3;1,3;2;13,6;5,22;2;1;0,25;11;;;;8,26;19;;;0;0;0;0
6Extremo;Ansu Fati;19;ESP;71;club;Barcelona;23;8;2;2048;7,17;63;;10;0,44;9;0,4;7,76;85;2,15;1,89;42;4,66;62,06;;0;85;1;0;22;0,97;1,19;27;1,54;35;43;79;;57;;48,69;1108;41,44;943;55;2,42;49;14;2,81;21;37;43;106;;;;8,13;185;;;0;0;1;0
2Lateral;Eric García;21;ESP;48;club;Barcelona;17;1;0;1073;7,08;32;;0;;2;0,17;0,23;97;1,34;0,17;50;7,21;59,61;;0;6;2;0;2;0,17;0,17;2;3,69;44;2;89;;79;;70,21;837;67,94;810;7;0,59;16;11,3;0,34;52;4;66;86;;;;9,14;109;;;0;0;2;0
6Extremo;Ferran Torres;22;ESP;92,5;país;Barcelona;22;8;2;1315;7,03;33;;10;0,68;3;0,21;8,47;84;0,62;2,12;53;3,7;41,09;;0;32;0;0;10;0,68;2,26;33;0,75;11;31;90;;45;;42,02;614;35,18;514;30;2,05;9;13,7;4,24;14;6;18;54;;;;8,14;119;;;0;0;0;0
4Mediocentro;Franck Kessié;25;CIV;61;;Barcelona;18;6;2;1595;7,12;47;;5;0,28;5;0,28;3,16;87;0,68;0,39;40;2,48;61,35;;0;21;0;0;12;0,68;0,96;17;1,07;19;7;67;;60;;72,68;1288;63,42;1124;36;2,03;12;14;2,37;16;6;28;44;;;;4,12;73;;;0;0;3;0
4Mediocentro;Frenkie de Jong;25;NED;92;;Barcelona;21;8;2;1817;7;47;;2;0,1;5;0,25;1,43;87;1,04;0,5;0,44;3,47;58,61;;0;18;0;0;10;0,5;0,4;8;0,89;18;10;81;;0,71;;91,88;1855;80,34;1622;37;1,83;21;13,3;0,89;36;3;0,16;70;;;;4,85;98;;;0;0;3;0
4Mediocentro;Gavi;17;ESP;76;club;Barcelona;19;7;1;1372;6,9;31;;2;0,13;3;0,2;3,45;87;0,72;0,52;37;1,77;50,81;;0;44;0;0;8;0,52;0,66;10;0,79;12;8;73;;60;;74,72;1139;65,27;995;28;1,84;11;13,9;1,77;12;12;27;27;;;;2,95;45;;;0;0;2;0
3Defensa;Gerard Piqué;35;ESP;7,5;club;Barcelona;15;6;2;1488;7,04;35;;2;0,12;0;;1,73;99;0,85;;43;10,89;64,7;;0;2;3;0;0;;0,6;10;2,48;41;0;88;;71;;84,44;1396;83,29;1377;1;0,06;14;11;1,39;110;0;0;180;;;;15,42;255;;;0;0;3;0
6Extremo;Héctor Bellerín;27;ESP;8;club;Barcelona;9;2;1;477;7,01;13;;1;0,19;1;0,19;0,53;91;1,7;1,13;50;5,85;39,75;;0;36;1;0;4;0,75;0,57;3;2,83;15;6;60;;72;;67,55;358;61,13;324;11;2,08;9;13,7;1,13;19;7;19;31;;;;8,11;43;;;0;0;1;0
6Extremo;Ilias Akhomach;18;ESP;21,25;club;Barcelona;3;1;0;93;6,67;1;;0;;0;;0,08;89;1,94;3,87;0;4,84;23,25;;0;5;0;0;0;;0;0;0,97;1;4;100;;63;;62,9;65;56,13;58;2;1,94;2;15,2;0,97;1;2;40;5;;;;7,74;8;;;0;0;0;0
1Portero;Iñaki Peña;23;ESP;8,5;club;Barcelona;2;1;1;360;6,88;7;4;0;;0;;0;87;0;;;;90;;0;;0;0;0;;;;0,25;1;0;0;0,8;;0,85;43,5;174;38;152;0;;0;6,8;;;;;;5;1;10;;;;1;0;0;0;0
2Lateral;Jordi Alba;33;ESP;20;club;Barcelona;18;7;1;1612;7,01;44;;0;;4;0,22;0,21;90;2,01;2,29;25;4,47;62;;0;184;2;0;13;0,73;0,06;1;2,96;53;41;80;;71;;56,78;1017;50,86;911;57;3,18;36;13,5;0,22;37;46;25;80;;;;6,25;112;;;0;0;7;1
2Lateral;Jules Koundé;23;FRA;56;;Barcelona;20;8;2;2232;7,04;59;;0;;1;0,04;0,29;94;1,57;0,24;33;8,27;74,4;;0;42;3;0;1;0,04;0,04;1;3,91;97;6;80;;85;;71,01;1761;66,65;1653;14;0,56;39;11,9;0,12;118;10;23;205;;;;9,68;240;;;0;0;8;0
1Portero;Marc-André ter Stegen;30;GER;75;;Barcelona;25;8;1;3060;7,12;87;20;0;;0;;0;91;0;;;;90;;0;;0;0;0;;;;0,26;9;0;0;0,8;;0,89;34,47;1172;31,21;1061;1;0,03;0;6,6;;;;;;30;6;53;;;;17;0;0;0;0
2Lateral;Marcos Alonso;31;ESP;24;país;Barcelona;18;4;1;1188;7,07;41;;3;0,23;1;0,08;1,69;92;0,91;0,83;53;5,23;51,65;;0;90;0;0;4;0,3;0,68;9;2,27;30;11;86;;73;;72,5;957;66,74;881;24;1,82;12;12,5;1,29;43;24;26;69;;;;7,12;94;;;0;0;0;1
6Extremo;Memphis Depay;28;NED;69,5;;Barcelona;7;3;0;372;7,09;11;;2;0,48;3;0,73;0,69;82;1,94;1,69;38;5,08;37,2;;0;49;0;0;7;1,69;0,73;3;2,42;10;7;89;;70;;63,87;264;52,5;217;21;5,08;8;15,3;1,94;7;15;30;21;;;;7,26;30;;;0;0;0;0
6Extremo;Ousmane Dembélé;25;FRA;96;;Barcelona;20;8;2;1686;7,3;47;;6;0,32;8;0,43;7,58;87;0,85;3,36;42;4,27;56,2;;0;216;0;0;19;1,01;1,49;28;1,33;25;63;70;;59;;44,89;841;39,18;734;100;5,34;16;15;3,58;27;69;31;80;;;;7,21;135;;;0;0;0;0
5Mediapunta;Pablo Torre;19;ESP;25,5;país;Barcelona;12;2;1;773;6,94;17;;2;0,23;2;0,23;2,15;85;0,35;0,58;27;1,28;51,53;;0;20;0;0;5;0,58;0,35;3;1,4;12;5;50;;61;;78,24;672;66,25;569;17;1,98;3;14,1;1,28;8;7;35;11;;;;2,1;18;;;0;0;0;0
5Mediapunta;Pedri;19;ESP;62,5;país;Barcelona;22;7;1;2180;6,9;64;;1;0,04;3;0,12;2,94;86;0,78;0,7;31;1,78;72,67;;0;30;0;0;12;0,5;0,41;10;1,49;36;17;83;;68;;77,74;1883;67;1623;34;1,4;19;13,5;1,32;18;12;40;43;;;;2,6;63;;;0;0;1;0
6Extremo;Raphinha;25;BRA;84;;Barcelona;18;7;2;1589;7,43;47;;7;0,4;10;0,57;5,97;84;1,81;2,44;47;3,29;58,85;;0;229;0;0;21;1,19;1,25;22;2,04;36;43;84;;52;;45,82;809;38,29;676;104;5,89;32;14,9;2,66;18;84;36;58;;;;6,34;112;;;0;0;3;0
7Delantero;Robert Lewandowski;33;POL;64;;Barcelona;23;9;1;2744;7,57;76;;31;1,02;5;0,16;27,13;78;0,75;0,62;51;5,22;83,15;0,9;10;17;0;0;13;0,43;2,72;83;0,79;24;19;72;;60;;32,44;989;25,42;775;48;1,57;23;12,5;5,38;32;5;29;159;;;;8,76;267;0,72;;9;9;0;0
3Defensa;Ronald Araújo;23;URU;69,5;;Barcelona;18;6;1;2005;7,3;60;;4;0,18;2;0,09;4,82;99;0,94;0,04;43;13,11;80,2;;0;2;3;1;1;0,04;1,17;26;2,74;61;1;78;;83;;82,46;1837;81,25;1810;3;0,13;21;10,8;2,69;157;1;50;292;;;;15,8;352;;;0;0;4;0
4Mediocentro;Sergi Roberto;30;ESP;18;club;Barcelona;22;8;2;1336;6,91;39;;0;;2;0,13;0,94;90;1,82;0,13;15;2,36;41,75;;0;18;2;1;4;0,27;0,13;2;1,75;26;2;82;;55;;84,48;1254;76,32;1133;24;1,62;27;13,3;0,88;24;6;33;35;;;;4,31;64;;;0;0;3;0
4Mediocentro;Sergio Busquets;33;ESP;15;club;Barcelona;20;7;1;1847;6,99;49;;0;;2;0,1;0,55;90;1,36;0,1;38;4,92;65,96;;0;7;2;0;4;0,19;0,15;3;0,97;20;2;80;;85;;89,03;1827;80,21;1646;25;1,22;28;12,5;0,39;62;2;28;101;;;;5,8;119;;;0;0;5;0
6Extremo;Álex Fernández;29;ESP;;;Cádiz;;;;2475;6,56;28;;3;0,11;2;0,07;3,8;85;0,95;0,98;33;4,33;79,84;;0;32;0;1;6;0,22;0,47;13;1,85;51;27;72;;60;;45,93;1263;38,84;1068;25;0,91;26;14,1;1,45;51;10;31;119;;;;7,2;198;;;0;0;2;0
2Lateral;Alfonso Espino;30;URU;;;Cádiz;;;;3126;6,5;39;;0;;3;0,09;0,27;91;1,84;0,58;0;4,23;84,49;;0;134;5;2;7;0,2;0;0;2,94;102;20;83;;67;;44,22;1536;40,39;1403;23;0,66;64;12,9;0,09;166;25;18;147;;;;6,31;219;;;0;0;5;0
7Delantero;Álvaro Negredo;36;ESP;;;Cádiz;;;;3120;7,05;39;;15;0,43;4;0,12;13,84;81;0,4;0,72;54;10,82;82,11;75;4;16;0;0;7;0,2;1,44;50;0,69;24;25;74;;55;;41,83;1450;33,75;1170;33;0,95;14;13,2;2,68;124;5;31;375;;;;19,82;687;74;;3;3;2;0
7Delantero;Anthony Lozano;29;HON;;;Cádiz;;;;374;6,85;10;;2;0,48;1;0,24;1,58;87;0,96;0,72;52;8,18;28,77;;0;15;0;0;1;0,24;2,65;11;1,68;7;3;80;;69;;40,19;167;34,89;145;7;1,68;4;14,7;5,05;10;5;33;34;;;;11,79;49;;;0;0;0;0
4Mediocentro;Antonio Blanco;21;ESP;;;Cádiz;;;;39;6,65;0;;0;;0;;0;81;;;;;13;;0;0;0;0;0;;;;;1;0;;;0;;;32;;26;0;;;;;1;0;0;0;;;;;4;;;0;0;0;0
6Extremo;Awer Mabil;26;AUS;;;Cádiz;;;;382;6,78;8;;1;0,24;1;0,24;0,76;89;1,41;3,3;40;6,6;19,1;;0;28;0;0;2;0,47;0,94;4;2,36;10;14;86;;72;;36,28;154;32,28;137;10;2,36;6;17,1;2,36;11;10;35;28;;;;9,19;39;;;0;0;0;0
6Extremo;Brian Ocampo;22;URU;;;Cádiz;;;;231;6,83;5;;0;;1;0,39;0,32;89;2,34;2,73;33;2,73;21;;0;35;0;0;4;1,56;0,39;1;4,29;11;7;86;;47;;43,64;112;38,96;100;10;3,9;6;16,6;1,17;2;9;25;7;;;;5,84;15;;;0;0;0;0
3Defensa;Cala;32;ESP;;;Cádiz;;;;709;6,21;3;;0;;0;;0,11;96;0,13;;50;5,2;59,08;;0;0;0;0;0;;0,13;1;1,9;15;0;100;;72;;50,01;394;47,86;377;1;0,13;1;10,5;0,25;49;0;0;41;;;;7,24;57;;;0;0;1;0
1Portero;David Gil;28;ESP;;;Cádiz;;;;360;6,53;3;7;0;;0;;0;44;;;;;90;;0;;0;0;0;;;;0,5;2;0;;69;;85;34,75;139;15,25;61;1;0,25;;4,7;;;;;;3;2;11;;;;0;0;0;0;0
4Mediocentro;Fali;28;ESP;;;Cádiz;;;;2326;6,64;34;;1;0,04;0;;0,89;91;0,74;0,04;23;9,56;64,61;;0;1;5;0;1;0,04;0,12;3;2,24;58;1;76;;79;;44,38;1147;40,36;1043;8;0,31;19;10,6;0,5;245;0;0;247;;;;12,03;311;;;0;0;1;1
4Mediocentro;Fede San Emeterio;25;ESP;;;Cádiz;;;;1441;6,61;14;;1;0,06;1;0,06;0,34;95;1,69;0,19;100;1,5;49,69;;0;4;0;0;1;0,06;0,12;2;1,75;28;3;59;;52;;58,21;932;55,59;890;7;0,44;27;13,1;0,12;39;3;75;24;;;;2,87;46;;;0;0;4;0
2Lateral;Iza;29;ESP;;;Cádiz;;;;901;6,69;17;;0;;2;0,2;0,04;90;1,9;1,7;0;4,79;45,05;;0;61;4;0;2;0,2;0;0;3,3;33;17;83;;65;;32,96;330;29,67;297;20;2;19;13,8;0,2;47;23;37;48;;;;7,39;74;;;0;0;1;0
1Portero;Jeremías Ledesma;29;ARG;;;Cádiz;;;;3060;6,68;43;68;0;;2;0,06;0;42;0;;;;90;;0;;0;1;1;0,03;;;0,41;14;0;0;72;;86;35,59;1210;14,85;505;4;0,12;0;6,3;;;;;;61;17;87;;;;4;0;0;0;0
3Defensa;Jesús Vallejo;25;ESP;;;Cádiz;;;;1350;6,7;25;;1;0,07;0;;0,6;98;0,93;;50;8,67;90;;0;0;6;2;1;0,07;0,2;3;2,87;43;0;93;;75;;50,47;757;49,4;741;2;0,13;14;10,7;0,4;99;0;0;130;;;;11,6;174;;;0;0;3;0
4Mediocentro;Jon Ander Garrido;32;ESP;;;Cádiz;;;;36;6,8;1;;0;;0;;0;90;;;;;12;;0;0;0;0;0;;;;;2;0;;;50;;;30;;27;0;;;;;0;0;0;1;;;;;2;;;0;0;0;0
4Mediocentro;José Mari;34;ESP;;;Cádiz;;;;2722;6,64;37;;1;0,03;0;;1,07;91;0,86;;50;3,11;82,48;;0;5;0;1;6;0,2;0,17;5;0,96;29;0;65;;69;;67,12;2030;61,23;1852;23;0,76;26;13,1;0,33;53;4;80;94;;;;4,53;137;;;0;0;9;0
2Lateral;Joseba Zaldua;29;ESP;;;Cádiz;;;;2708;6,66;35;;0;;2;0,07;0,18;94;1,86;0,2;25;4,35;82,06;;0;63;5;1;6;0,2;0,03;1;3,09;93;6;82;;66;;46,89;1411;44,27;1332;25;0,83;56;12,4;0,13;102;21;33;131;;;;6,65;200;;;0;0;9;0
6Extremo;Lucas Pérez;33;ESP;;;Cádiz;;;;2977;6,99;42;;15;0,45;6;0,18;11,79;83;1,48;2,75;52;4,69;85,06;;0;169;2;0;21;0,63;1,36;45;1,66;55;91;80;;47;;32,14;1063;26,79;886;63;1,9;49;13,8;2,6;49;46;27;155;;;;10,07;333;;;0;0;5;0
3Defensa;Luis Hernández;33;ESP;;;Cádiz;;;;1722;6,57;19;;1;0,05;0;;0,55;96;0,57;0,05;30;8,62;68,88;;0;6;3;0;0;;0,16;3;2,14;41;1;85;;78;;49,49;947;47,67;912;5;0,26;11;10,8;0,52;164;1;16;165;;;;11,08;212;;;0;0;1;1
6Extremo;Manu Fuster;24;ESP;;;Cádiz;;;;35;6,8;3;;0;;0;;0;85;2,57;5,14;;;11,67;;0;1;0;0;0;;;;;1;2;100;;17;;;27;;23;0;;1;;;0;0;0;1;;;;;6;;;0;0;0;0
4Mediocentro;Rubén Alcaraz;31;ESP;;;Cádiz;;;;2874;6,8;34;;1;0,03;4;0,13;1,5;88;1,22;0,19;47;1,97;82,11;;0;166;3;0;12;0,38;0,22;7;1,35;43;6;71;;61;;64,23;2051;56,21;1795;73;2,29;39;13,1;0,47;47;47;28;63;;;;3,23;103;;;0;0;5;0
7Delantero;Rubén Sobrino;29;ESP;;;Cádiz;;;;28;7,1;4;;0;;1;;0,06;81;3,21;;0;;7;;0;1;0;0;0;;;0;;0;0;33;;20;;;16;;13;0;;1;;;1;0;0;1;;;;;5;;;0;0;0;0
2Lateral;Santiago Arzamendia;24;PAR;;;Cádiz;;;;237;6,85;7;;1;0,38;0;;0,35;91;1,9;1,14;100;6,84;14,81;;0;7;1;0;0;;0,38;1;4,18;11;3;83;;72;;52,41;138;47,85;126;2;0,76;5;16,1;0,38;22;1;14;18;;;;9,49;25;;;0;0;1;0
6Extremo;Theo Bongonda;26;COD;;;Cádiz;;;;2125;6,86;28;;1;0,04;7;0,3;4,07;86;1,48;2,71;40;7,54;60,71;;0;115;0;0;18;0,76;0,8;19;2,29;54;64;74;;70;;37,82;893;32,4;765;42;1,78;35;14,7;2,03;74;30;26;178;;;;10,76;254;;;0;0;2;0
4Mediocentro;Tomás Alarcón;23;CHI;;;Cádiz;;;;1720;6,58;22;;0;;0;;0,62;94;0,94;0,16;17;6,33;52,12;;0;5;2;0;2;0,1;0,05;1;1,52;29;3;69;;73;;49,76;951;46,62;891;6;0,31;18;11,9;0,31;119;4;80;121;;;;8,69;166;;;0;0;4;0
1Portero;Agustín Marchesín;34;ARG;;;Celta Vigo;;;;3330;6,89;47;57;0;;0;;0;84;0;;;;90;;0;;0;0;2;0,05;;;0,3;11;0;0;72;;87;46,81;1732;39,41;1458;3;0,08;0;6,6;;;;;;56;22;72;;;;7;0;0;0;0
6Extremo;Augusto Solari;30;ARG;;;Celta Vigo;;;;808;6,63;11;;0;;0;;0,68;91;1,67;2,34;38;4,34;28,86;;0;59;2;0;3;0,33;0,33;3;1,67;15;21;68;;66;;51,79;465;46,89;421;17;1,89;15;15,4;0,89;20;11;18;39;;;;6,57;59;;;0;0;5;0
6Extremo;Carles Pérez;24;ESP;;;Celta Vigo;;;;2498;6,8;37;;5;0,18;4;0,14;3,16;90;1,59;3,28;43;1,87;73,47;;0;79;0;0;24;0,86;0,43;12;1,8;50;91;81;;53;;46,62;1294;41,76;1159;46;1,66;44;13,7;1,01;33;24;30;52;;;;3,53;98;;;0;0;3;0
5Mediapunta;Denis Suárez;28;ESP;;;Celta Vigo;;;;2558;6,8;37;;1;0,04;3;0,11;0,98;91;1,13;0,46;29;1,55;82,52;;0;24;0;0;7;0,25;0,14;4;1,16;33;13;71;;52;;106,85;3037;97,11;2760;28;0,99;32;13,4;0,49;31;3;12;44;;;;2,99;85;;;0;0;3;0
4Mediocentro;Fran Beltrán;23;ESP;;;Celta Vigo;;;;1664;6,95;26;;0;;3;0,16;0,22;92;1,89;0,11;20;1,84;52;;0;12;0;0;11;0,59;0,05;1;1,51;28;2;73;;68;;111,31;2058;102,33;1892;21;1,14;35;13,2;0,27;25;4;33;34;;;;2,7;50;;;0;0;5;0
6Extremo;Franco Cervi;27;ARG;;;Celta Vigo;;;;1374;6,74;23;;2;0,13;1;0,07;3,48;89;1,77;3,28;61;3,01;40,41;;0;153;0;1;15;0,98;1,11;17;1,51;23;50;79;;58;;47,42;724;41,99;641;31;2,03;27;15,5;1,83;30;27;17;46;;;;5,24;80;;;0;0;6;0
4Mediocentro;Gabri Veiga;19;ESP;;;Celta Vigo;;;;181;7,05;3;;0;;1;0,5;0;96;1,99;;;0,99;25,86;;0;1;0;0;2;0,99;;;0,5;1;0;80;;67;;108,9;219;104,42;210;2;0,99;4;14,6;;3;0;0;2;;;;1,49;3;;;0;0;0;0
7Delantero;Gonçalo Paciência;27;POR;;;Celta Vigo;;;;1723;6,7;25;;5;0,26;1;0,05;5,73;87;0,52;1,57;57;4,81;55,58;;0;19;0;0;4;0,21;1,46;28;0,68;13;30;56;;55;;46,49;890;40,22;770;16;0,84;10;12,6;2,56;39;0;0;92;;;;8,72;167;;;0;0;0;0
2Lateral;Hugo Mallo;30;ESP;;;Celta Vigo;;;;2634;6,83;35;;0;;2;0,07;0,27;94;3,08;1,09;38;7,07;82,31;;0;132;6;1;4;0,14;0,1;3;3,38;99;32;87;;85;;56,55;1655;52,96;1550;23;0,79;90;13;0,27;166;15;11;207;;;;8,34;244;;;0;0;13;2
6Extremo;Iago Aspas;34;ESP;;;Celta Vigo;;;;3068;6,91;41;;18;0,53;2;0,06;20,09;86;0,44;1,79;57;3,05;85,22;50;4;51;0;0;8;0,23;1,85;63;0,62;21;61;68;;35;;37,28;1271;31,95;1089;27;0,79;15;12,1;3,26;30;10;19;104;;;;8,77;299;68;;2;2;3;1
6Extremo;Iván Sánchez;29;ESP;;;Celta Vigo;;;;259;6,58;4;;0;;0;;0,28;90;1,74;2,08;33;2,78;32,38;;0;4;0;0;2;0,69;0,35;1;0,69;2;6;50;;50;;51,08;147;46,22;133;7;2,43;5;15,9;1,04;4;1;25;8;;;;5,56;16;;;0;0;0;0
1Portero;Iván Villar;24;ESP;;;Celta Vigo;;;;90;6,6;2;2;0;;0;;0;78;;;;;90;;0;;0;0;0;;;;;0;0;;66;;89;65;65;51;51;0;;;7;;;;;;2;1;1;;;;0;0;0;0;0
2Lateral;Javi Galán;27;ESP;;;Celta Vigo;;;;3202;6,85;46;;0;;7;0,2;0,94;92;2,14;3,74;33;3,2;86,54;;0;419;11;0;30;0,84;0,06;2;2,92;104;133;79;;63;;67,35;2396;62;2206;110;3,09;76;13,5;0,17;126;97;23;114;;;;5,12;182;;;0;0;6;0
7Delantero;Jørgen Strand Larsen;22;NOR;;;Celta Vigo;;;;733;6,86;13;;5;0,61;3;0,37;3,02;86;0,25;0,37;68;5,77;36,65;;0;1;0;0;2;0,25;2,09;17;0,49;4;3;67;;54;;54,39;443;46,78;381;9;1,11;2;13,6;3,07;15;0;0;47;;;;10,68;87;;;0;0;0;0
3Defensa;Joseph Aidoo;26;GHA;;;Celta Vigo;;;;1781;6,86;33;;0;;0;;0,54;98;0,96;;25;8,29;63,61;;0;0;2;0;0;;0,1;2;2,38;47;0;66;;67;;87,37;1729;85,76;1697;1;0,05;19;10,9;0,4;144;0;0;164;;;;12,28;243;;;0;0;3;0
7Delantero;Loren;28;ESP;;;Celta Vigo;;;;1071;7,09;17;;6;0,5;3;0,25;4,64;86;0,84;0,59;69;2,69;76,5;;0;13;0;0;7;0,59;1,85;22;0,25;3;7;67;;31;;42,77;509;36,64;436;19;1,6;10;12,1;2,69;7;2;15;32;;;;8,74;104;;;0;0;1;0
4Mediocentro;Martín Calderón;23;ESP;;;Celta Vigo;;;;73;7;1;;0;;1;1,23;0;87;;;;1,23;73;;0;0;0;0;0;;;;;0;0;;;100;;146,71;119;128,22;104;2;2,47;;12,9;;1;0;0;1;;;;1,23;1;;;0;0;1;0
6Extremo;Miguel Rodríguez;19;ESP;;;Celta Vigo;;;;45;7,8;2;;0;;1;;0,29;88;6;8;50;;15;;0;6;0;0;2;;;1;;1;4;50;;67;;;24;;21;2;;3;;;1;1;16;2;;;;;3;;;0;0;0;0
5Mediapunta;Óscar;23;ESP;;;Celta Vigo;;;;2199;6,63;26;;2;0,08;2;0,08;2,48;87;1,43;0,45;51;2,86;70,94;;0;26;1;1;7;0,29;0,74;18;1,56;38;11;76;;61;;76;1857;66,34;1621;25;1,02;35;13,7;1,43;37;9;34;70;;;;4,67;114;;;0;0;5;0
2Lateral;Óscar Mingueza;23;ESP;;;Celta Vigo;;;;2572;6,96;38;;1;0,03;1;0,03;0,88;97;1,22;0,35;56;8,85;75,65;;0;26;8;1;5;0,17;0,17;5;3,11;89;10;64;;80;;92,62;2647;90,21;2578;16;0,56;35;11,2;0,31;226;7;26;253;;;;11,09;317;;;0;0;8;0
4Mediocentro;Renato Tapia;26;PER;;;Celta Vigo;;;;2499;7,07;33;;1;0,04;4;0,14;2,36;96;1,8;0,04;31;6,37;80,61;;0;14;2;0;7;0,25;0,29;8;2,09;58;1;72;;80;;98,28;2729;93,89;2607;14;0,5;50;12,1;0,94;163;2;14;177;;;;7,96;221;;;0;0;10;1
3Defensa;Unai Núñez;25;ESP;;;Celta Vigo;;;;2230;6,92;26;;2;0,08;0;;0,72;98;0,93;;83;9,04;82,59;;0;1;7;0;0;;0,4;10;2,5;62;0;64;;78;;100,01;2478;98,11;2431;1;0,04;23;10,5;0,48;199;0;0;224;;;;11,66;289;;;0;0;10;2
4Mediocentro;Williot Swedberg;18;SWE;;;Celta Vigo;;;;592;6,79;11;;0;;0;;1,05;91;2,58;0,15;60;2,89;26,91;;0;10;0;0;1;0,15;0,46;3;1,22;8;1;71;;70;;92,13;606;83,46;549;9;1,37;17;14,7;0,76;13;4;40;19;;;;4,1;27;;;0;0;0;0
6Extremo;Álex Collado;23;ESP;;;Elche;;;;2735;6,84;34;;3;0,1;2;0,07;4,88;83;0,59;2,47;35;1,74;78,14;;0;202;1;1;7;0,23;0,49;15;1,55;47;75;67;;63;;69,83;2122;57,82;1757;81;2,67;18;13,9;1,41;26;49;24;53;;;;2,76;84;;;0;0;2;0
1Portero;Axel Werner;26;ARG;;;Elche;;;;90;6,8;2;2;0;;0;;0;89;;;;;90;;0;;0;0;0;;;;;0;0;;71;;91;28;28;25;25;0;;;6,5;;;;;;1;1;3;;;;0;0;0;0;0
2Lateral;Carlos Clerc;30;ESP;;;Elche;;;;2024;6,5;20;;0;;2;0,09;0,14;88;2,53;0,62;67;5,25;74,96;;0;125;4;1;8;0,36;0,18;4;2,76;62;14;78;;68;;44,16;993;38,77;872;25;1,11;57;13,9;0,27;87;20;16;118;;;;7,69;173;;;0;0;5;1
3Defensa;Diego González;27;ESP;;;Elche;;;;830;6,79;7;;0;;0;;0;95;1,19;0,11;;4,99;43,68;;0;5;2;1;0;;;;2,28;21;1;85;;70;;84,25;777;79,7;735;4;0,43;11;11,6;;56;1;20;46;;;;7,16;66;;;0;0;3;0
5Mediapunta;Domingos Quina;22;POR;;;Elche;;;;2116;6,7;25;;6;0,26;0;;2,83;86;1,11;1,02;50;1,15;60,46;;0;100;1;0;5;0,21;0,72;17;1,4;33;24;76;;45;;49,98;1175;42,92;1009;34;1,45;26;14,2;1,45;18;19;19;27;;;;2,55;60;;;0;0;3;0
1Portero;Edgar Badía;30;ESP;;;Elche;;;;3330;7,02;38;49;0;;0;;0;88;0,03;;;;90;;0;;0;0;0;;;;0,22;8;0;33;77;;87;46,59;1724;40,97;1516;2;0,05;1;6,6;;;;;;62;17;85;;;;10;0;0;0;0
3Defensa;Enzo Roco;29;CHI;;;Elche;;;;871;6,78;9;;0;;0;;0,35;95;0,72;;0;12,19;72,58;;0;0;0;0;0;;0;0;2,48;24;0;58;;82;;70,99;687;67,47;653;0;;7;10,4;0,72;120;0;0;118;;;;14,88;144;;;0;0;1;0
7Delantero;Ezequiel Ponce;25;ARG;;;Elche;;;;803;6,69;6;;2;0,22;1;0,11;2,1;89;1,12;0,45;62;3,59;47,24;;0;8;0;0;2;0,22;0,9;8;0,45;4;4;91;;42;;42,81;382;38;339;8;0,9;10;13,1;1,46;13;2;25;32;;;;8,52;76;;;0;0;1;0
3Defensa;Federico Fernández;33;ARG;;;Elche;;;;2560;6,91;31;;1;0,04;1;0,04;0,93;98;0,81;;40;10,93;80;;0;0;5;2;0;;0,21;6;2;57;0;72;;86;;74,43;2117;73,05;2078;4;0,14;23;10,2;0,53;242;0;0;311;;;;12,76;363;;;0;0;4;1
6Extremo;Fidel Chaves;32;ESP;;;Elche;;;;412;6,74;6;;1;0,22;1;0,22;1,22;89;1,31;2,4;70;3,71;24,24;;0;29;0;0;3;0,66;1,53;7;1,53;7;11;86;;49;;48,28;221;42,82;196;8;1,75;6;16,1;2,18;7;7;24;17;;;;7,65;35;;;0;0;1;0
4Mediocentro;Gerard Gumbau;27;ESP;;;Elche;;;;779;6,79;10;;0;;1;0,12;0,38;91;0,58;0,23;0;4,16;45,82;;0;12;1;0;1;0,12;0;0;1,16;10;2;71;;82;;81,22;703;73,59;637;11;1,27;5;13,3;0,81;29;2;16;36;;;;5,08;44;;;0;0;1;0
3Defensa;Gonzalo Verdú;33;ESP;;;Elche;;;;3054;6,83;36;;1;0,03;0;;2,01;94;0,85;0,12;33;8,72;87,26;;0;3;2;0;0;;0,29;10;2,71;92;4;73;;76;;68,22;2315;64,21;2179;3;0,09;29;10,8;0,88;345;1;33;296;;;;11,4;387;;;0;0;3;0
2Lateral;Helibelton Palacios;28;COL;;;Elche;;;;220;6,4;2;;0;;0;;0;93;2,05;2,05;;6,55;27,5;;0;15;2;0;0;;;;1,64;4;5;100;;67;;50,32;123;47,05;115;1;0,41;5;15,4;;12;0;0;16;;;;9,82;24;;;0;0;2;0
5Mediapunta;Javier Pastore;32;ARG;;;Elche;;;;963;6,77;12;;3;0,28;4;0,37;1,92;85;0,47;0,56;40;2,06;41,87;;0;7;0;0;5;0,47;0,37;4;1,03;11;6;71;;58;;44,3;474;37,48;401;15;1,4;5;14,2;0,93;10;2;28;22;;;;3,55;38;;;0;0;1;0
4Mediocentro;Jessy Deminguet;24;FRA;;;Elche;;;;331;6,7;5;;0;;1;0,27;0,17;86;2,18;0,82;0;1,36;36,78;;0;33;0;0;0;;0;0;0,27;1;3;67;;71;;94,08;346;80,76;297;6;1,63;8;13,7;0,54;4;6;18;5;;;;1,9;7;;;0;0;3;0
6Extremo;Josan Ferrández;32;ESP;;;Elche;;;;416;6,62;6;;0;;0;;0,33;92;1,73;1,95;75;3,25;24,47;;0;26;1;0;3;0,65;0,65;3;0,87;4;9;100;;60;;39,16;181;36,13;167;7;1,51;8;15,9;0,87;9;7;26;15;;;;5,41;25;;;0;0;0;0
6Extremo;Lucas Boyé;26;ARG;;;Elche;;;;2703;6,78;30;;8;0,27;4;0,13;8,61;86;1,33;1,43;47;4,86;75,08;;0;48;0;0;5;0,17;1,27;38;1,07;32;43;71;;55;;39,19;1177;33,86;1017;27;0,9;40;13,7;2,7;48;9;18;146;;;;8,86;266;;;0;0;2;0
2Lateral;Nicolás Fernández Mercau;22;ARG;;;Elche;;;;846;6,58;13;;0;;1;0,11;0,11;91;2,66;0,53;0;4,26;38,45;;0;59;3;0;4;0,43;0;0;1,38;13;5;86;;61;;46,6;438;42,45;399;13;1,38;25;14,6;0,21;33;12;20;40;;;;7,02;66;;;0;0;4;0
4Mediocentro;Omar Mascarell;29;EQG;;;Elche;;;;2179;6,66;24;;0;;2;0,08;0,64;88;0,58;;25;2,27;77,82;;0;23;0;1;3;0,12;0,12;3;0,78;19;0;78;;64;;86,08;2084;76;1840;16;0,66;14;13,3;0,5;36;5;21;55;;;;3,55;86;;;0;0;2;0
2Lateral;Pedro Bigas;32;ESP;;;Elche;;;;2766;6,76;31;;0;;0;;0,39;95;1,27;0,13;38;8,04;76,83;;0;39;8;0;5;0,16;0,1;3;2,08;64;4;87;;76;;69,76;2144;66,54;2045;14;0,46;39;11,1;0,26;230;7;17;247;;;;10,61;326;;;0;0;2;0
6Extremo;Pere Milla;29;ESP;;;Elche;;;;484;6,81;5;;1;0,19;1;0,19;1,64;88;0,56;;33;2,6;32,27;;0;17;0;0;4;0,74;0,93;5;0,56;3;0;60;;42;;46,67;251;41,1;221;8;1,49;3;13,8;2,79;5;3;17;14;;;;6,14;33;;;0;0;0;0
6Extremo;Pol Lirola;24;ESP;;;Elche;;;;2871;6,96;34;;1;0,03;6;0,19;0,72;87;2,6;3,51;27;5,58;79,75;;0;294;7;0;15;0,47;0,09;3;3,29;105;112;78;;72;;40,72;1299;35,3;1126;52;1,63;83;14,2;0,34;132;52;17;178;;;;7,77;248;;;0;0;6;0
4Mediocentro;Raúl Guti;25;ESP;;;Elche;;;;1475;6,8;17;;0;;0;;0,2;91;3,05;0,43;0;2,32;47,58;;0;13;1;0;0;;0;0;1,4;23;7;81;;58;;90,92;1490;82,68;1355;13;0,79;50;13,7;0,31;31;3;23;38;;;;3,97;65;;;0;0;8;0
7Delantero;Roger Martí;31;ESP;;;Elche;;;;2673;6,81;36;;13;0,44;3;0,1;10,23;85;0,61;0,24;48;2,96;78,62;100;3;23;0;0;7;0,24;0,91;27;0,57;17;7;75;;39;;35,05;1041;29,76;884;27;0,91;18;12,6;1,89;17;5;21;88;;;;7,61;226;75;;3;3;1;0
2Lateral;Adrià Pedrosa;24;ESP;;;Espanyol;;;;2532;6,7;35;;1;0,04;2;0,07;0,64;90;2,1;0,57;40;4,41;72,34;;0;104;4;0;5;0,18;0,07;2;3,41;96;16;74;;64;;48,02;1351;43,01;1210;30;1,07;59;13;0,18;89;23;22;124;;;;6,86;193;;;0;0;4;1
6Extremo;Aleix Vidal;32;ESP;;;Espanyol;;;;2330;6,68;31;;1;0,04;4;0,15;2,25;89;2,16;1,85;36;4,06;66,57;;0;138;2;0;7;0,27;0,35;9;2,74;71;48;75;;56;;41,91;1085;37,2;963;35;1,35;56;14,1;0,97;66;23;16;105;;;;7,22;187;;;0;0;5;1
1Portero;Álvaro Fernández;24;ESP;;;Espanyol;;;;270;6,57;3;8;0;;0;;0;48;0;;;;90;;0;;0;0;0;;;;0,33;1;0;0;65;;83;35;105;16,67;50;2;0,67;0;6,5;;;;;;2;0;11;;;;0;0;0;0;0
1Portero;Benjamin Lecomte;31;FRA;;;Espanyol;;;;3150;6,98;44;35;0;;0;;0;41;0,06;;;;90;;0;;2;0;1;0,03;;;0,29;10;0;50;79;;85;30,69;1074;12,71;445;7;0,2;2;6,5;;;;;;52;15;65;;;;14;0;0;0;0
2Lateral;Brian Oliván;28;ESP;;;Espanyol;;;;900;6,59;13;;1;0,1;2;0,2;1,05;89;2,3;0,6;60;3,4;37,5;100;1;79;0;0;3;0,3;0,3;3;2;20;6;74;;60;;39,3;393;35;350;32;3,2;23;14;0,5;31;22;27;34;;;;5,7;57;74;;1;1;2;0
7Delantero;Dani Gómez;23;ESP;;;Espanyol;;;;1297;6,85;23;;11;0,76;1;0,07;8,78;79;0,42;1,53;59;4,23;39,3;50;2;18;0;1;7;0,49;2,08;30;0,62;9;22;35;;32;;30,88;445;24,43;352;16;1,11;6;14;3,54;14;3;16;61;;;;13,05;188;35;;1;1;0;0
4Mediocentro;Edu Expósito;25;ESP;;;Espanyol;;;;2240;6,75;33;;0;;4;0,16;1,62;90;1,77;0,36;20;1,69;65,88;;0;23;3;0;7;0,28;0,16;4;1,29;32;9;76;;53;;69,35;1726;62,44;1554;22;0,88;44;13,1;0,8;36;5;21;42;;;;3,21;80;;;0;0;7;0
3Defensa;Fernando Calero;26;ESP;;;Espanyol;;;;1528;6,68;18;;0;;0;;0,52;99;1,18;;17;7,54;58,77;;0;0;8;0;0;;0,06;1;2,65;45;0;65;;68;;43,94;746;43,29;735;4;0,24;20;10,8;0,35;98;0;0;128;;;;11,13;189;;;0;0;1;0
6Extremo;Javi Puado;23;ESP;;;Espanyol;;;;1680;6,75;23;;5;0,27;1;0,05;5,07;86;1,82;1,5;52;4,77;44,21;;0;45;0;0;5;0,27;1,18;22;1,29;24;28;76;;51;;42,54;794;36,75;686;28;1,5;34;14,7;2,25;26;10;22;89;;;;9,38;175;;;0;0;1;0
6Extremo;José Carlos Lazo;26;ESP;;;Espanyol;;;;1805;6,8;23;;4;0,2;4;0,2;5,61;83;1,8;2,04;36;2,59;51,57;;0;170;0;0;7;0,35;0,8;16;1,6;32;41;84;;45;;42,18;846;34,85;699;53;2,64;36;14,5;2,24;15;42;24;52;;;;5,73;115;;;0;0;2;0
3Defensa;José Luís Català;17;ESP;;;Espanyol;;;;180;6,5;0;;0;;0;;0;97;0,5;;;9;90;;0;0;1;0;0;;;;2;4;0;33;;78;;39;78;38;76;0;;1;9,8;;16;0;0;18;;;;11,5;23;;;0;0;0;0
7Delantero;Joselu;32;ESP;;;Espanyol;;;;1270;6,83;20;;8;0,57;1;0,07;6,12;79;0,35;0,57;42;10,7;48,85;100;1;7;0;1;4;0,28;1,49;21;0,28;4;8;50;;53;;37,06;523;29,41;415;17;1,2;5;13,3;3,54;43;3;42;151;;;;20,27;286;50;;1;1;1;0
4Mediocentro;Keidi Bare;24;ALB;;;Espanyol;;;;1611;6,7;20;;0;;1;0,06;0,54;93;2,46;0,28;36;1,79;57,54;;0;9;1;0;2;0,11;0,22;4;1,17;21;5;72;;56;;65,03;1164;60,34;1080;13;0,73;44;12,9;0,61;20;1;11;32;;;;3,18;57;;;0;0;5;0
3Defensa;Leandro Cabrera;30;URU;;;Espanyol;;;;3124;6,93;43;;2;0,06;1;0,03;1,88;90;1,33;0,09;32;11,81;86,78;;0;9;8;0;0;;0,29;10;2,62;91;3;81;;87;;47,51;1649;42,95;1491;12;0,35;46;10,9;0,89;354;3;33;410;;;;13,54;470;;;0;0;7;0
7Delantero;Martin Braithwaite;30;DEN;;;Espanyol;;;;2814;6,82;36;;4;0,13;4;0,13;7,31;86;2,24;1,86;36;5,95;76,05;;0;84;0;0;18;0,58;0,8;25;1,86;58;58;79;;55;;37,84;1183;32,65;1021;41;1,31;70;14,2;2,21;64;18;21;186;;;;10,75;336;;;0;0;1;0
6Extremo;Nabil Touaizi;21;MAR;;;Espanyol;;;;33;6,4;0;;0;;0;;0;93;;;;;16,5;;0;0;0;0;0;;;;;0;0;;;33;;;15;;14;0;;;;;1;0;0;1;;;;;3;;;0;0;0;0
6Extremo;Nico Melamed;21;ESP;;;Espanyol;;;;2643;6,88;35;;5;0,17;8;0,27;5,97;84;1,5;0,85;43;2,86;80,09;;0;147;0;1;15;0,51;0,82;24;1,43;42;25;64;;45;;52,54;1543;44,37;1303;65;2,21;44;15,1;1,91;32;42;28;84;;;;6,33;186;;;0;0;5;0
2Lateral;Óscar Gil;24;ESP;;;Espanyol;;;;2254;6,96;35;;0;;2;0,08;0,11;91;3,23;1,48;33;7,71;66,29;;0;161;1;0;7;0,28;0,04;1;3,75;94;37;84;;75;;48,31;1210;43,88;1099;23;0,92;81;13,8;0,12;137;26;16;193;;;;10,22;256;;;0;0;6;0
4Mediocentro;Pol Lozano;22;ESP;;;Espanyol;;;;407;6,89;8;;0;;1;0,22;0,02;92;1,55;0,22;0;2,21;27,13;;0;4;0;0;2;0,44;0;0;2,87;13;1;100;;67;;97,3;440;89,56;405;8;1,77;7;14,9;0,22;4;0;0;10;;;;3,32;15;;;0;0;1;0
4Mediocentro;Sergi Darder;28;ESP;;;Espanyol;;;;2558;6,83;32;;4;0,14;0;;0,69;87;1,55;0,14;47;2,81;79,94;;0;13;3;1;8;0,28;0,25;7;0,95;27;4;77;;65;;78,04;2218;68,26;1940;35;1,23;44;13,4;0,53;56;6;46;80;;;;4,36;124;;;0;0;7;1
3Defensa;Sergi Gómez;29;ESP;;;Espanyol;;;;2811;6,85;40;;1;0,03;0;;0,98;97;1,12;0,26;21;9,19;80,31;;0;3;3;2;0;;0,1;3;3,78;118;8;83;;74;;50,52;1578;48,83;1525;4;0,13;35;10,9;0,45;218;2;66;287;;;;12,39;387;;;0;0;5;0
4Mediocentro;Vinicius Souza;22;BRA;;;Espanyol;;;;24;6,9;1;;0;;0;;0;96;3,75;;;;12;;0;0;0;0;0;;;;;0;0;100;;100;;;24;;23;1;;1;;;0;0;0;1;;;;;1;;;0;0;0;0
7Delantero;Borja Mayoral;25;ESP;;;Getafe;;;;1259;6,79;20;;3;0,21;4;0,29;4,8;81;0,64;0,86;63;5,08;46,63;;0;24;1;0;8;0,57;1,43;20;1,43;20;12;64;;46;;35,74;500;28,95;405;14;1;9;14,2;2,29;23;7;29;71;;;;11,15;156;;;0;0;1;0
4Mediocentro;Carles Aleñá;24;ESP;;;Getafe;;;;2261;6,78;33;;6;0,24;7;0,28;6,8;81;1,27;0,56;47;2,63;72,94;100;3;115;1;0;15;0,6;0,68;17;1,67;42;14;68;;45;;49,28;1238;39,92;1003;45;1,79;32;15,3;1,43;23;29;25;66;;;;5,85;147;68;;3;3;0;0
2Lateral;Damián Suárez;34;URU;;;Getafe;;;;1035;7,05;18;;0;;3;0,26;0,4;90;2,26;1,91;29;5,57;39,81;;0;179;4;0;13;1,13;0,17;2;4,35;50;22;84;;68;;44,17;508;39,65;456;45;3,91;26;14,8;0,61;44;40;22;64;;;;8,17;94;;;0;0;4;1
1Portero;David Soria;29;ESP;;;Getafe;;;;3420;6,69;45;59;0;;0;;0;36;0,03;;;;90;;0;;0;2;1;0,03;;;0,37;14;0;25;72;;85;34,84;1324;12,71;483;5;0,13;1;6,1;;;;;;43;17;94;;;;8;0;0;0;0
2Lateral;Djéné Dakonam;30;TOG;;;Getafe;;;;2903;6,77;38;;0;;0;;0,25;93;2,36;0,37;20;7,5;82,94;;0;98;5;1;3;0,09;0,03;1;3,63;117;12;73;;71;;44,74;1443;41,45;1337;21;0,65;76;12,7;0,16;183;10;10;242;;;;10,6;342;;;0;0;9;1
3Defensa;Domingos Duarte;27;POR;;;Getafe;;;;2586;6,65;32;;1;0,03;0;;1,95;96;0,87;0,03;35;9,57;78,36;;0;2;6;2;0;;0,24;7;2,33;67;1;74;;76;;43,68;1255;41,83;1202;1;0,03;25;10,9;0,7;253;0;0;275;;;;12,63;363;;;0;0;5;1
7Delantero;Enes Ünal;25;TUR;;;Getafe;;;;2416;6,86;34;;11;0,41;5;0,19;10,97;82;0,41;0,52;46;4,28;73,21;100;1;22;0;0;10;0,37;1,34;36;0,67;18;14;73;;32;;28,68;770;23,58;633;31;1,15;11;13;2,91;41;6;27;115;;;;13,49;362;73;;1;1;1;0
2Lateral;Fabrizio Angileri;28;ARG;;;Getafe;;;;759;6,98;13;;0;;1;0,12;0;91;2,61;1,19;;6,28;34,5;;0;59;1;0;4;0,47;;;3,56;30;10;92;;76;;47,08;397;42,69;360;15;1,78;22;14,2;;39;16;27;53;;;;8,3;70;;;0;0;2;0
7Delantero;Jaime Mata;33;ESP;;;Getafe;;;;1672;6,8;18;;6;0,32;4;0,22;5,67;82;0,97;1,51;53;7,43;52,25;;0;33;0;0;7;0,38;1,61;30;0,92;17;28;60;;54;;44,03;818;36,23;673;24;1,29;18;14,2;3,07;39;6;18;138;;;;13,67;254;;;0;0;2;0
4Mediocentro;Jaime Seoane;25;ESP;;;Getafe;;;;1346;6,72;19;;1;0,07;0;;0,72;84;1,4;0,74;30;2,14;38,46;;0;18;0;1;7;0,47;0,2;3;1,4;21;11;81;;56;;66,8;999;56,43;844;21;1,4;21;14,9;0,67;17;4;22;32;;;;3,81;57;;;0;0;2;0
6Extremo;John Patrick;18;ESP;;;Getafe;;;;36;6,6;1;;0;;0;;0,02;89;2,5;2,5;0;;18;;0;2;0;0;0;;;0;;1;1;50;;67;;;19;;17;1;;1;;;2;0;0;4;;;;;6;;;0;0;0;0
2Lateral;Jordan Amavi;28;FRA;;;Getafe;;;;2651;6,73;32;;0;;3;0,1;0,33;92;2,72;0,58;25;5,4;80,33;;0;112;4;1;3;0,1;0,03;1;3,12;92;17;83;;78;;48;1414;44,1;1299;21;0,71;80;13,1;0,14;153;21;18;159;;;;6,96;205;;;0;0;8;0
2Lateral;Juan Iglesias;23;ESP;;;Getafe;;;;366;6,64;4;;0;;1;0,25;0,23;91;2,21;0,74;50;5,41;26,14;;0;12;0;0;0;;0,49;2;3,69;15;3;90;;56;;39,1;159;35,66;145;2;0,49;9;15,3;0,98;24;2;16;22;;;;9,59;39;;;0;0;2;0
2Lateral;Koffi Akurugu;20;GHA;;;Getafe;;;;81;6,6;1;;0;;0;;0;90;3,33;;;3,33;81;;0;0;1;0;0;;;;3,33;3;0;100;;60;;45,56;41;41,11;37;0;;3;11,1;;3;0;0;3;;;;5,56;5;;;0;0;0;0
4Mediocentro;Luis Milla;27;ESP;;;Getafe;;;;518;6,81;11;;0;;2;0,35;0,43;85;2,26;0,35;25;2,78;24,67;;0;49;0;0;3;0,52;0,17;1;1,39;8;2;81;;67;;64,11;369;54,21;312;15;2,61;13;15,7;0,69;6;9;18;16;;;;4,17;24;;;0;0;0;0
4Mediocentro;Mauro Arambarri;26;URU;;;Getafe;;;;2796;6,7;34;;1;0,03;3;0,1;0,62;89;1,96;0,32;29;1,16;79,89;;0;36;2;1;8;0,26;0,13;4;1,42;44;10;78;;42;;62,8;1951;56,14;1744;30;0,97;61;13,1;0,45;41;7;19;36;;;;2,74;85;;;0;0;7;2
6Extremo;Munir;26;MAR;;;Getafe;;;;2361;6,68;28;;7;0,27;0;;4,04;85;2,29;1,83;48;3,74;67,46;;0;105;0;0;15;0,57;0,57;15;1,49;39;48;87;;47;;42,2;1107;36,02;945;42;1,6;60;14,8;1,18;44;22;20;98;;;;7,93;208;;;0;0;4;0
4Mediocentro;Nemanja Maksimovic;27;SRB;;;Getafe;;;;2818;6,74;34;;0;;5;0,16;1,34;87;1,63;0,06;33;4,66;76,16;;0;14;1;0;3;0,1;0,19;6;1,05;33;2;74;;74;;69,59;2179;60,55;1896;22;0,7;51;13,9;0,57;93;3;21;146;;;;6,29;197;;;0;0;4;0
3Defensa;Omar Alderete;25;PAR;;;Getafe;;;;2745;6,75;36;;0;;0;;0,78;97;1,02;0,07;25;10,75;83,18;;0;1;8;0;1;0,03;0,1;3;2,95;90;2;78;;87;;50,2;1531;48,69;1485;2;0,07;31;10,7;0,39;265;0;0;328;;;;12,39;378;;;0;0;2;0
7Delantero;Portu;29;ESP;;;Getafe;;;;2868;6,79;37;;8;0,25;1;0,03;8,01;85;1,63;2,01;66;4,8;84,35;;0;163;0;1;16;0,5;1,26;40;2,07;66;64;79;;63;;41,49;1322;35,3;1125;47;1,47;52;14,8;1,91;60;30;18;153;;;;7,59;242;;;0;0;6;0
3Defensa;Stefan Mitrovic;31;SRB;;;Getafe;;;;546;6,88;5;;1;0,16;0;;0,25;87;1,15;;50;11,37;30,33;;0;0;2;0;0;;0,16;1;3,3;20;0;88;;78;;49,12;298;42,69;259;0;;7;11,7;0,33;71;0;0;69;;;;14,51;88;;;0;0;1;0
4Mediocentro;Aleix García;24;ESP;;;Girona;;;;55;6,3;0;;0;;0;;0;57;1,64;;;;18,33;;0;0;0;0;0;;;;;0;0;100;;100;;;35;;20;1;;1;;;0;0;0;1;;;;;1;;;0;0;0;0
2Lateral;Arnau Martínez;18;ESP;;;Girona;;;;279;6,63;2;;0;;0;;0,01;86;2,26;0,32;50;8,39;23,25;;0;10;0;0;0;;0,32;1;3,87;12;1;88;;76;;44,52;138;38,06;118;4;1,29;7;15,3;0,65;17;2;20;26;;;;10,97;34;;;0;0;0;0
3Defensa;Bernardo;32;COL;;;Girona;;;;3239;6,8;38;;0;;1;0,03;1;98;0,64;;32;11,34;87,54;;0;2;6;1;0;;0,17;6;2,58;93;0;68;;89;;57,38;2065;56,52;2034;3;0,08;23;10,5;0,53;376;0;0;408;;;;12,78;460;;;0;0;2;0
5Mediapunta;Borja García;31;ESP;;;Girona;;;;221;6,7;4;;1;0,41;1;0,41;0,76;81;1,22;0,41;100;3,67;17;;0;3;0;0;1;0,41;0,41;1;1,22;3;1;75;;53;;41,95;103;33,8;83;4;1,63;3;16,4;0,41;6;1;33;9;;;;6,92;17;;;0;0;0;0
7Delantero;Cristhian Stuani;35;URU;;;Girona;;;;3043;6,78;35;;8;0,24;5;0,15;7,82;81;0,24;0,35;38;9,52;82,24;;0;14;0;0;7;0,21;0,77;26;0,71;24;12;67;;45;;38,69;1308;31,35;1060;39;1,15;8;12,5;2,01;122;3;21;322;;;;21,15;715;;;0;0;0;0
4Mediocentro;David López;32;ESP;;;Girona;;;;2238;6,65;30;;0;;0;;0,04;94;0,88;;50;4,62;86,08;;0;5;1;0;1;0,04;0,04;1;2,25;56;0;76;;68;;63,9;1589;59,88;1489;2;0,08;22;12,1;0,08;113;1;20;115;;;;6,8;169;;;0;0;5;0
2Lateral;Enric Franquesa;25;ESP;;;Girona;;;;1157;6,65;11;;0;;2;0,16;0;90;1,71;0,31;;4,43;77,13;;0;35;1;0;2;0,16;;;4,12;53;4;92;;73;;54,3;698;48,69;626;8;0,62;22;12,6;;58;9;25;57;;;;6,07;78;;;0;0;2;0
6Extremo;Iván Martín;23;ESP;;;Girona;;;;2692;6,69;28;;4;0,13;4;0,13;5,46;88;0,8;1,34;45;3,48;79,18;;0;50;0;0;4;0,13;0,57;17;1,5;45;40;63;;62;;51,89;1552;45,43;1359;27;0,9;24;14,1;1,27;48;13;26;104;;;;5,58;167;;;0;0;0;0
2Lateral;Javi Hernández;24;ESP;;;Girona;;;;44;6,85;3;;0;;0;;0,06;95;6,14;;100;;14,67;;0;1;0;0;0;;;2;;3;0;100;;50;;;19;;18;0;;3;;;2;0;0;3;;;;;6;;;0;0;0;0
1Portero;Juan Carlos;34;ESP;;;Girona;;;;1440;6,73;14;30;0;;0;;0;37;0;;;;90;;0;;0;2;0;;;;0,44;7;0;0;74;;84;39,38;630;14,69;235;3;0,19;0;6,3;;;;;;39;7;41;;;;1;0;0;0;0
3Defensa;Juanpe;31;ESP;;;Girona;;;;2745;6,64;30;;1;0,03;0;;0,61;97;0,62;0,07;29;10,23;76,25;;0;0;6;2;0;;0,07;2;2,69;82;2;61;;83;;59,05;1801;57,08;1741;1;0,03;19;10,7;0,23;283;0;0;312;;;;12,3;375;;;0;0;4;0
6Extremo;Manu Vallejo;25;ESP;;;Girona;;;;2406;6,7;29;;10;0,37;3;0,11;6,27;86;1,65;1,68;55;2,81;72,91;;0;90;1;1;9;0,34;1,08;29;1,65;44;45;83;;39;;43,43;1161;37,33;998;41;1,53;44;14,2;1,98;41;27;30;75;;;;7,11;190;;;0;0;5;0
2Lateral;Miguel Gutiérrez;20;ESP;;;Girona;;;;2108;6,34;26;;0;;2;0,09;0,19;92;1,49;0,56;25;6,32;55,47;;0;72;1;0;5;0,21;0,04;1;2,52;59;13;76;;80;;47,39;1110;43,46;1018;19;0,81;35;13,4;0,17;131;12;16;148;;;;7,94;186;;;0;0;3;0
4Mediocentro;Oriol Romeu;30;ESP;;;Girona;;;;3239;6,67;35;;1;0,03;2;0,06;1,16;92;0,94;0,08;23;3,36;87,54;;0;6;1;2;6;0,17;0,08;3;0,89;32;3;81;;72;;68,88;2479;63,52;2286;17;0,47;34;12,7;0,36;100;1;16;121;;;;4,64;167;;;0;0;2;1
1Portero;Paulo Gazzaniga;30;ARG;;;Girona;;;;1980;7,04;26;45;0;;1;0,05;0;40;0,05;;;;90;;0;;0;1;0;;;;0,27;6;0;25;79;;85;42,59;937;17,09;376;2;0,09;1;6,2;;;;;;55;21;78;;;;3;0;0;0;0
4Mediocentro;Ramón Terrats;21;ESP;;;Girona;;;;115;6,7;3;;0;;0;;0;93;1,57;;;5,48;23;;0;0;0;0;0;;;;0,78;1;0;100;;88;;57,91;74;54;69;0;;2;14,3;;7;0;0;7;;;;6,26;8;;;0;0;0;0
5Mediapunta;Reinier;20;BRA;;;Girona;;;;513;6,69;6;;1;0,18;0;;0,39;85;0,53;0,35;40;3,86;24,43;;0;6;0;0;4;0,7;0,35;2;1,93;11;2;60;;67;;58,25;332;49,3;281;6;1,05;3;15,1;0,88;15;4;66;22;;;;5,79;33;;;0;0;0;0
6Extremo;Rodrigo Riquelme;22;ESP;;;Girona;;;;88;6,65;0;;0;;0;;0,31;90;1,02;2,05;67;2,05;22;;0;6;0;0;0;;2,05;2;3,07;3;2;50;;67;;39,89;39;35,8;35;0;;1;16,7;3,07;2;1;16;2;;;;3,07;3;;;0;0;0;0
5Mediapunta;Samu Sáiz;31;ESP;;;Girona;;;;1622;6,74;19;;4;0,22;5;0,28;1,75;84;0,67;1,44;33;1,72;49,15;;0;117;0;1;11;0,61;0,44;8;1,61;29;26;50;;49;;47,77;861;40,28;726;49;2,72;12;14,3;1,33;20;36;30;31;;;;3,5;63;;;0;0;3;1
3Defensa;Santiago Bueno;23;URU;;;Girona;;;;251;6,58;1;;0;;0;;0;88;0,36;;;12,91;25,1;;0;0;0;0;0;;;;3,23;9;0;100;;80;;45,18;126;39,8;111;0;;1;11,6;;45;0;0;36;;;;16,14;45;;;0;0;1;0
6Extremo;Toni Villa;27;ESP;;;Girona;;;;2036;6,61;27;;4;0,18;6;0,27;2,6;86;1,24;2,03;44;2,83;58,17;;0;54;1;1;10;0,44;0,49;11;1,81;41;46;67;;51;;38,99;882;33,42;756;27;1,19;28;14;1,11;41;9;16;64;;;;5,53;125;;;0;0;1;0
6Extremo;Valentín Castellanos;23;ARG;;;Girona;;;;346;6,61;6;;0;;0;;0,6;79;;2,08;67;3,9;18,21;;0;2;0;0;0;;1,04;4;1,82;7;8;;;23;;43,18;166;34,08;131;3;0,78;;15,7;1,56;2;0;0;15;;;;17,17;66;;;0;0;0;0
2Lateral;Yan Couto;19;BRA;;;Girona;;;;2913;6,47;37;;1;0,03;4;0,12;0,42;93;2,29;1,45;60;4,42;83,23;;0;217;9;1;10;0,31;0,09;3;3,61;117;47;86;;63;;41,4;1340;38,31;1240;44;1,36;74;13,2;0,15;125;46;21;143;;;;7,04;228;;;0;0;6;1
4Mediocentro;Yangel Herrera;24;VEN;;;Girona;;;;2552;6,78;30;;5;0,18;1;0,04;3,84;89;1,09;0,6;55;4,06;77,33;;0;22;0;0;5;0,18;0,78;22;1,62;46;17;84;;75;;55,16;1564;49,09;1392;28;0,99;31;14,1;1,41;78;6;27;115;;;;5,4;153;;;0;0;2;1
7Delantero;Abdón Prats;29;ESP;;;Mallorca;;;;8;;0;;0;;0;;0;83;;;;;8;;0;0;0;0;0;;;;;0;0;;;0;;;6;;5;0;;;;;0;0;0;0;;;;;2;;;0;0;0;0
6Extremo;Amath N'Diaye;25;SEN;;;Mallorca;;;;1679;6,58;20;;2;0,11;2;0,11;2,4;83;2,04;2,57;42;5,09;49,38;;0;117;0;2;5;0,27;0,54;10;2,79;52;48;73;;63;;32,81;612;27,34;510;26;1,39;38;15,1;1,29;49;29;24;95;;;;8,15;152;;;0;0;5;0
7Delantero;Ángel;35;ESP;;;Mallorca;;;;2013;6,69;20;;10;0,45;1;0,04;11,48;85;0,72;0,94;51;3;61;;0;13;0;0;3;0,13;1,52;34;0,85;19;21;73;;23;;29,51;660;25,22;564;17;0,76;16;13;3;23;1;7;67;;;;13,06;292;;;0;0;3;0
4Mediocentro;Antonio Raíllo;30;ESP;;;Mallorca;;;;1345;6,5;15;;0;;0;;0,62;95;1;;33;7,83;79,12;;0;0;5;1;0;;0,07;1;2,48;37;0;63;;71;;44,57;666;42,42;634;0;;15;10,6;0,2;134;0;0;117;;;;10,97;164;;;0;0;3;0
2Lateral;Braian Cufré;25;ARG;;;Mallorca;;;;2017;6,69;25;;0;;3;0,13;0,15;89;2,01;0,22;0;4,69;65,06;;0;42;6;3;5;0,22;0;0;4,15;93;5;76;;66;;47,52;1065;42,52;953;17;0,76;45;13;0,22;86;9;21;105;;;;7,05;158;;;0;0;7;0
4Mediocentro;Clément Grenier;31;FRA;;;Mallorca;;;;1574;6,59;20;;0;;2;0,11;0,57;89;0,86;0,23;67;1,54;62,96;;0;17;0;0;3;0,17;0,23;4;0,97;17;4;71;;56;;65,01;1137;57,64;1008;19;1,09;15;13;0,34;18;6;35;27;;;;2,74;48;;;0;0;3;0
3Defensa;Copete;22;ESP;;;Mallorca;;;;424;6,43;3;;0;;0;;0,36;92;1,27;;33;9,13;38,55;;0;0;1;0;0;;0,21;1;2,33;11;0;86;;83;;38,21;180;35,02;165;1;0,21;6;11,1;0,64;35;0;0;43;;;;11,04;52;;;0;0;3;0
6Extremo;Dani Rodríguez;33;ESP;;;Mallorca;;;;1932;6,67;17;;3;0,14;2;0,09;2,62;89;1,44;0,51;45;3,03;60,38;;0;24;1;0;7;0,33;0,61;13;1,44;31;11;65;;56;;50,96;1094;45,37;974;20;0,93;31;13,9;1,35;35;6;25;65;;;;5,45;117;;;0;0;4;0
1Portero;Dominik Greif;25;SVK;;;Mallorca;;;;1980;6,92;22;47;0;;0;;0;47;0,09;;;;90;;0;;0;0;1;0,05;;;0,27;6;0;50;71;;85;39,14;861;18,55;408;3;0,14;2;6,4;;;;;;49;9;59;;;;4;0;0;0;0
3Defensa;Franco Russo;27;ARG;;;Mallorca;;;;1076;6,57;12;;0;;0;;0;97;1,25;;;7,44;53,8;;0;0;3;0;0;;;;2,26;27;0;88;;64;;43,24;517;41,74;499;0;;15;10,9;;107;0;0;89;;;;11,54;138;;;0;0;1;0
2Lateral;Giovanni González;27;URU;;;Mallorca;;;;2060;6,55;27;;0;;4;0,17;1,33;89;2,62;2,01;44;3,36;73,57;;0;108;4;0;6;0,26;0,31;7;3,32;76;46;81;;60;;32,64;747;29,18;668;22;0,96;60;13,8;0,7;79;34;31;77;;;;5,64;129;;;0;0;12;0
4Mediocentro;Iddrisu Baba;26;GHA;;;Mallorca;;;;908;6,65;7;;0;;1;0,1;0,56;91;2,38;0,2;13;3,77;43,24;;0;9;0;0;1;0,1;0,1;1;1,29;13;2;67;;66;;51,24;517;46,78;472;7;0,69;24;13,1;0,79;41;2;22;38;;;;5,75;58;;;0;0;6;0
4Mediocentro;Íñigo Ruiz de Galarreta;28;ESP;;;Mallorca;;;;1008;6,54;7;;0;;0;;0,06;86;1,16;0,18;0;1,88;43,83;;0;16;1;0;4;0,36;0;0;0,98;11;2;87;;60;;66,88;749;57,77;647;12;1,07;13;13,6;0,09;11;5;31;21;;;;3,12;35;;;0;0;4;0
2Lateral;Jaume Costa;34;ESP;;;Mallorca;;;;2077;6,56;18;;0;;2;0,09;0,34;91;1,99;0,26;0;3,6;64,91;;0;196;2;0;9;0,39;0;0;2,38;55;6;81;;70;;39,17;904;35,58;821;49;2,12;46;13,1;0,22;74;53;27;83;;;;5,11;118;;;0;0;10;1
6Extremo;Kang-In Lee;21;KOR;;;Mallorca;;;;2535;6,59;28;;4;0,14;5;0,18;3,46;82;1,35;1,6;45;3,09;74,56;;0;125;0;1;9;0,32;0,46;13;2,34;66;45;70;;51;;43,78;1233;35,72;1006;52;1,85;38;14,6;1,03;52;27;21;87;;;;6;169;;;0;0;7;1
6Extremo;Lago Junior;31;CIV;;;Mallorca;;;;2301;6,64;28;;2;0,08;6;0,23;3,81;84;1,92;2,11;47;6,41;74,23;;0;79;2;0;14;0,55;0,82;21;1,92;49;54;80;;62;;35,08;897;29,41;752;45;1,76;49;14,4;1,76;63;31;39;164;;;;10,4;266;;;0;0;7;0
3Defensa;Matija Nastasic;29;SRB;;;Mallorca;;;;2788;6,59;33;;0;;0;;0,51;95;0,84;;50;10,52;84,48;;0;1;7;1;1;0,03;0,1;3;2,52;78;0;70;;83;;48,13;1491;45,74;1417;3;0,1;26;10,4;0,19;332;0;0;326;;;;12,62;391;;;0;0;5;1
2Lateral;Pablo Maffeo;24;ESP;;;Mallorca;;;;1833;6,61;18;;0;;3;0,15;0;93;2,45;2,55;;5,4;79,7;;0;102;6;0;6;0,29;;;3,54;72;52;72;;73;;32,21;656;29,8;607;18;0,88;50;13,1;;121;22;21;110;;;;7,36;150;;;0;0;9;1
1Portero;Predrag Rajkovic;26;SRB;;;Mallorca;;;;1440;6,46;16;46;0;;0;;0;30;0;;;;90;;0;;0;0;1;0,06;;;0,19;3;0;0;61;;83;34,38;550;10,44;167;2;0,12;0;6,1;;;;;;32;8;35;;;;0;0;0;0;0
4Mediocentro;Rodrigo Battaglia;30;ARG;;;Mallorca;;;;1581;6,67;19;;1;0,06;0;;0,66;93;1,88;1,42;31;5,41;51;;0;16;2;0;2;0,11;0,23;4;1,71;30;25;65;;85;;58,12;1021;54,02;949;9;0,51;33;13,2;0,74;65;1;6;95;;;;6,38;112;;;0;0;4;3
6Extremo;Tino Kadewere;26;ZIM;;;Mallorca;;;;1873;6,76;24;;5;0,24;3;0,14;6,1;84;0,62;1,59;59;7,4;62,43;0;1;53;0;1;11;0,53;1,3;27;1,44;30;33;65;;53;;38,3;797;32,15;669;34;1,63;13;13,4;2,21;50;14;26;154;;;;13,93;290;65;;0;0;3;0
6Extremo;Tòfol Montiel;22;ESP;;;Mallorca;;;;29;6,5;0;;0;;0;;0;79;;6,21;;;29;;0;5;0;0;0;;;;;0;2;;;0;;;19;;15;0;;;;;0;0;0;0;;;;;5;;;0;0;0;0
7Delantero;Vedat Muriqi;28;KVX;;;Mallorca;;;;1649;7,03;21;;11;0,6;2;0,11;6,83;81;0,44;0,33;46;17,68;68,71;100;1;14;0;0;4;0,22;1,8;33;0,38;7;6;80;;72;;44,65;818;36,13;662;25;1,36;8;13,1;3,88;97;2;14;324;;;;24,72;453;80;;1;1;2;0
6Extremo;Abde;20;ESP;;;Osasuna;;;;1545;6,76;17;;7;0,41;0;;3,82;87;1,51;3,26;55;3,44;48,28;;0;55;0;0;3;0,17;0,93;16;2,5;43;56;84;;54;;42,17;724;36,64;629;26;1,51;26;14,2;1,69;19;12;21;59;;;;6,35;109;;;0;0;0;0
1Portero;Aitor Fernández;31;ESP;;;Osasuna;;;;1170;6,59;10;31;0;;0;;0;44;0,08;;;;90;;0;;0;0;0;;;;0,31;4;0;33;65;;83;35,23;458;15,46;201;2;0,15;1;6,2;;;;;;25;8;26;;;;0;0;0;0;0
7Delantero;Ante Budimir;30;CRO;;;Osasuna;;;;2855;6,88;30;;9;0,28;7;0,22;9,99;82;0,25;0,44;39;14;79,31;;0;8;0;0;12;0,38;1,29;41;0,76;24;14;57;;67;;48,01;1523;39,37;1249;33;1,04;8;13,2;3,34;155;1;12;444;;;;20,84;661;;;0;0;0;0
3Defensa;Aridane Hernández;33;ESP;;;Osasuna;;;;2345;6,82;27;;2;0,08;0;;0,68;87;1,19;0,08;62;11,74;68,97;;0;7;7;1;0;;0,31;8;2,3;60;2;78;;87;;49,59;1292;43,06;1122;4;0,15;31;10,6;0,5;286;1;14;306;;;;13,43;350;;;0;0;3;1
4Mediocentro;César De la Hoz;30;ESP;;;Osasuna;;;;302;6,38;3;;0;;0;;0,04;90;1,19;;0;1,79;75,5;;0;0;0;0;0;;0;0;0,89;3;0;57;;67;;53,64;180;48,28;162;0;;4;11,3;0,3;7;0;0;6;;;;2,68;9;;;0;0;0;0
4Mediocentro;Darko Brašanac;30;SRB;;;Osasuna;;;;2255;6,76;27;;1;0,04;2;0,08;0,9;87;1,32;0,08;27;3,31;70,47;;0;16;0;1;2;0,08;0,12;3;1,32;33;2;75;;67;;80,26;2011;69,73;1747;19;0,76;33;13,5;0,44;51;7;43;83;;;;4,91;123;;;0;0;0;0
3Defensa;David García;28;ESP;;;Osasuna;;;;3122;6,88;32;;2;0,06;0;;1,21;97;1,21;0,03;28;11,96;84,38;;0;2;7;0;0;;0,14;5;2,85;99;1;79;;88;;54,17;1879;52,75;1830;3;0,09;42;10,6;0,52;324;1;50;415;;;;13,64;473;;;0;0;9;0
6Extremo;Ezequiel Ávila;28;ARG;;;Osasuna;;;;749;6,78;11;;2;0,24;2;0,24;3,2;79;1,44;2,52;53;7,33;26,75;;0;10;0;0;3;0,36;2,04;17;1,56;13;21;71;;58;;44,82;373;35,57;296;13;1,56;12;15;3,85;19;4;40;61;;;;12,74;106;;;0;0;2;0
6Extremo;Iván Alejo;27;ESP;;;Osasuna;;;;163;6,7;3;;0;;0;;0,23;88;2,76;2,76;33;7,73;81,5;;0;7;0;0;1;0,55;0,55;1;1,66;3;5;100;;88;;35,89;65;31,47;57;4;2,21;5;13,6;1,66;8;2;28;14;;;;8,83;16;;;0;0;1;0
4Mediocentro;Jon Moncayola;24;ESP;;;Osasuna;;;;3050;6,79;31;;0;;1;0,03;0,65;92;2,1;0,12;25;3,19;84,72;;0;13;1;0;5;0,15;0,06;2;1,53;52;4;71;;72;;72,59;2460;66,95;2269;21;0,62;71;12,8;0,24;89;5;38;108;;;;4,43;150;;;0;0;10;0
3Defensa;Jorge Herrando;21;ESP;;;Osasuna;;;;22;6,4;0;;0;;0;;0;81;4,09;;;;22;;0;0;0;0;0;;;;;0;0;50;;100;;;16;;13;0;;1;;;2;0;0;1;;;;;1;;;0;0;0;0
2Lateral;Juan Cruz;29;ESP;;;Osasuna;;;;992;6,52;8;;0;;0;;0,09;95;2;0,27;0;4,81;49,6;;0;18;2;0;0;;0;0;2,81;31;3;96;;73;;51,17;564;48,54;535;3;0,27;22;12,6;0,18;64;4;22;53;;;;6,62;73;;;0;0;5;0
6Extremo;Kike Barja;25;ESP;;;Osasuna;;;;725;6,66;8;;0;;2;0,25;1,2;87;1,24;2,48;20;3,1;30,21;;0;40;0;1;6;0,74;0,25;2;1,37;11;20;77;;43;;47,79;385;41,46;334;22;2,73;10;15,1;1,24;9;13;32;25;;;;7,2;58;;;0;0;1;0
4Mediocentro;Lucas Torró;27;ESP;;;Osasuna;;;;605;6,6;6;;0;;0;;0,33;88;0,6;;78;5,21;28,81;;0;3;1;1;0;;1,04;7;0,89;6;0;57;;83;;92,53;622;81,07;545;5;0,74;4;13,5;1,34;21;2;66;35;;;;6,25;42;;;0;0;3;1
2Lateral;Manu Sánchez;21;ESP;;;Osasuna;;;;2516;6,73;28;;0;;0;;0,29;93;2,58;0,21;17;4,97;83,87;;0;56;3;0;1;0,04;0,04;1;3,04;85;6;84;;76;;52,87;1478;49,36;1380;16;0,57;72;12,6;0,21;106;9;16;139;;;;6,58;184;;;0;0;6;0
6Extremo;Moi Gómez;27;ESP;;;Osasuna;;;;2108;6,64;19;;7;0,3;2;0,09;5,12;87;1,54;1,49;52;3,03;72,69;;0;62;1;0;8;0,34;0,68;16;1,67;39;35;82;;44;;43,21;1012;37,4;876;27;1,15;36;14,3;1,32;27;15;24;71;;;;6,96;163;;;0;0;1;0
2Lateral;Nacho Vidal;27;ESP;;;Osasuna;;;;550;6,67;6;;0;;0;;0,24;94;2,95;0,65;50;6,38;36,67;;0;12;0;0;0;;0,16;1;2,95;18;4;100;;65;;43,2;264;40,58;248;6;0,98;18;13,3;0,33;36;4;33;39;;;;9,82;60;;;0;0;2;0
6Extremo;Roberto Torres;33;ESP;;;Osasuna;;;;2858;6,75;28;;3;0,09;5;0,16;4,08;85;1,26;0,76;41;2,9;79,39;50;2;89;0;0;14;0,44;0,35;11;1,95;62;24;77;;53;;66,32;2106;56,68;1800;49;1,54;40;14,5;0,85;46;23;25;92;;;;5,51;175;77;;1;1;1;0
6Extremo;Rubén García;28;ESP;;;Osasuna;;;;2738;6,79;28;;1;0,03;6;0,2;4,27;85;1,28;1,51;43;2,33;78,23;;0;174;0;0;14;0,46;0,62;19;1,78;54;46;65;;50;;56,08;1706;47,63;1449;87;2,86;39;14,7;1,45;23;62;35;71;;;;4,7;143;;;0;0;4;0
2Lateral;Rubén Peña;30;ESP;;;Osasuna;;;;2694;6,71;28;;0;;2;0,07;0,51;94;1,77;0,23;40;5,14;74,83;;0;54;1;1;3;0,1;0,07;2;2,84;85;7;75;;68;;49,74;1489;46,9;1404;24;0,8;53;12,7;0,17;135;16;29;154;;;;7,55;226;;;0;0;8;1
1Portero;Sergio Herrera;28;ESP;;;Osasuna;;;;2250;6,76;26;28;0;;1;0,04;0;51;0;;;;90;;0;;0;0;2;0,08;;;0,16;4;0;0;77;;84;34,36;859;17,6;440;6;0,24;0;6,4;;;;;;32;5;56;;;;7;0;0;0;0
7Delantero;Sergio Moreno;23;ESP;;;Osasuna;;;;30;6,5;0;;0;;0;;0,21;89;;;100;;10;;0;0;0;0;0;;;1;;0;0;;;20;;;19;;17;0;;;;;1;0;0;1;;;;;5;;;0;0;0;0
2Lateral;Sergio Postigo;33;ESP;;;Osasuna;;;;484;6,57;5;;0;;0;;0,1;96;1,67;0,19;100;6,32;53,78;;0;4;0;0;0;;0,19;1;2,05;11;1;90;;72;;45,93;247;44,26;238;2;0,37;9;11,5;0,19;31;0;0;34;;;;8,74;47;;;0;0;2;0
3Defensa;Unai Garcia;30;ESP;;;Osasuna;;;;836;6,74;7;;0;;0;;0,06;97;0,75;;100;11,52;59,71;;0;0;1;1;0;;0,11;1;3,01;28;0;78;;86;;55,44;515;53,72;499;2;0,22;7;10,6;0,11;103;0;0;107;;;;13,35;124;;;0;0;3;0
3Defensa;Abdul Mumin;23;GHA;;;Rayo Vallecano;;;;2322;6,69;24;;0;;0;;0,76;98;0,89;0,04;0;10,23;80,07;;0;0;6;1;0;;0;0;2,29;59;1;77;;85;;64,57;1666;63,02;1626;2;0,08;23;10,4;0,43;247;0;0;264;;;;11,98;309;;;0;0;2;0
3Defensa;Alejandro Catena;27;ESP;;;Rayo Vallecano;;;;887;6,74;11;;1;0,1;0;;1,02;96;0,81;;55;11,67;40,32;;0;1;4;0;2;0,2;0,61;6;2,44;24;0;80;;83;;61,18;603;58,85;580;2;0,2;8;11,1;1,12;96;1;100;115;;;;14,1;139;;;0;0;3;0
6Extremo;Álvaro García;29;ESP;;;Rayo Vallecano;;;;2640;6,69;26;;2;0,07;4;0,14;4,9;87;1,94;3,85;57;3,68;75,43;;0;199;2;0;7;0,24;0,92;27;1,91;56;113;78;;48;;40,57;1190;35,45;1040;34;1,16;57;14,9;1,6;43;35;17;108;;;;7,64;224;;;0;0;4;0
6Extremo;Andrés Martín;22;ESP;;;Rayo Vallecano;;;;356;6,34;2;;0;;0;;0,22;89;0,25;0,51;0;2,28;44,5;;0;4;0;0;0;;0;0;0,76;3;2;20;;50;;45,51;180;40,7;161;1;0,25;1;14,2;0,25;8;1;25;9;;;;4,55;18;;;0;0;0;0
1Portero;Diego López;40;ESP;;;Rayo Vallecano;;;;1440;6,79;18;28;0;;1;0,06;0;40;0;;;;90;;0;;0;0;1;0,06;;;0,19;3;0;0;73;;87;30,5;488;12,06;193;3;0,19;0;6,2;;;;;;25;10;42;;;;3;0;0;0;0
3Defensa;Esteban Saveljich;30;MNE;;;Rayo Vallecano;;;;612;6,73;4;;1;0,15;0;;0,42;97;1,18;;50;7,35;43,71;;0;0;1;0;0;;0,15;1;2,06;14;0;80;;71;;62,5;425;60,44;411;0;;8;11,1;0,29;61;0;0;50;;;;10,29;70;;;0;0;0;0
3Defensa;Florian Lejeune;30;FRA;;;Rayo Vallecano;;;;3024;6,78;29;;1;0,03;0;;0,24;96;0,62;0,06;33;8,69;84;;0;1;2;0;0;;0,06;2;2,83;95;2;72;;80;;64,61;2171;61,99;2083;2;0,06;21;10,6;0,18;239;0;0;292;;;;10,86;365;;;0;0;5;0
2Lateral;Fran García;22;ESP;;;Rayo Vallecano;;;;2894;6,86;25;;0;;4;0,12;0,11;89;2,95;0,68;0;3,17;85,12;;0;319;7;3;14;0,44;0;0;2,67;86;22;87;;66;;62,54;2011;55,85;1796;85;2,64;95;13,3;0,03;97;80;25;102;;;;4,79;154;;;0;0;7;0
6Extremo;Isi Palazón;27;ESP;;;Rayo Vallecano;;;;975;6,6;8;;1;0,09;3;0,28;1,15;87;1,66;2,86;45;3,78;34,82;;0;31;1;0;5;0,46;0,46;5;2,22;24;31;86;;58;;39,51;428;34,52;374;11;1,02;18;14,7;1,02;21;7;22;41;;;;6,55;71;;;0;0;3;0
2Lateral;Iván Balliu;30;ALB;;;Rayo Vallecano;;;;3077;6,62;32;;0;;0;;0,57;94;2,46;0,38;29;3,89;87,91;;0;74;5;2;5;0,15;0,06;2;2,87;98;13;76;;59;;57,04;1950;53,53;1830;21;0,61;84;12,8;0,2;106;20;27;133;;;;6,55;224;;;0;0;9;0
6Extremo;José Callejón;35;ESP;;;Rayo Vallecano;;;;1284;6,91;16;;1;0,07;4;0,28;1,59;90;0,63;0,21;47;2,8;85,6;;0;31;0;0;13;0,91;0,49;7;0,98;14;3;69;;57;;67,22;959;60,49;863;24;1,68;9;14,4;1,05;15;11;35;40;;;;4,91;70;;;0;0;2;0
6Extremo;José Pozo;26;ESP;;;Rayo Vallecano;;;;578;6,75;8;;2;0,31;2;0,31;2,4;81;0,78;1,87;45;3,58;34;;0;16;0;0;4;0,62;1,4;9;2,02;13;12;83;;49;;50,76;326;40,95;263;14;2,18;5;15,5;3,11;11;2;12;23;;;;7,32;47;;;0;0;1;0
4Mediocentro;Mario Suárez;35;ESP;;;Rayo Vallecano;;;;157;6,67;3;;0;;0;;0,11;92;0,57;;0;2,29;19,62;;0;0;0;1;0;;0;0;1,72;3;0;100;;50;;106,62;186;98,03;171;0;;1;14,4;1,15;4;0;0;4;;;;4,59;8;;;0;0;0;0
5Mediapunta;Oscar Trejo;34;ARG;;;Rayo Vallecano;;;;3055;6,74;31;;7;0,21;2;0,06;3,84;87;1,03;0,94;65;1,86;82,57;;0;27;1;2;10;0,29;0,59;20;1,59;54;32;69;;49;;67,2;2281;58,74;1994;35;1,03;35;14,2;0,91;29;5;18;63;;;;3,77;128;;;0;0;8;0
4Mediocentro;Óscar Valentín;27;ESP;;;Rayo Vallecano;;;;983;6,71;6;;0;;0;;0,27;95;2,11;0,18;25;2,01;37,81;;0;6;0;0;0;;0,09;1;1,01;11;2;72;;55;;75,81;828;71,78;784;3;0,27;23;13,7;0,37;19;1;16;22;;;;3,66;40;;;0;0;2;0
4Mediocentro;Pathé Ciss;28;SEN;;;Rayo Vallecano;;;;412;6,79;7;;0;;0;;0,27;94;0,66;0,22;100;4,81;31,69;;0;2;0;0;0;;0,66;3;1,53;7;1;75;;79;;81,48;373;76,89;352;4;0,87;3;14,1;0,66;11;2;100;22;;;;6,12;28;;;0;0;0;1
6Extremo;Pep Chavarría;24;ESP;;;Rayo Vallecano;;;;559;6,78;9;;0;;0;;0,07;88;3,22;2,09;0;5,8;34,94;;0;37;3;1;1;0,16;0;0;4,51;28;13;80;;72;;56,99;354;50,23;312;7;1,13;20;15;0,16;24;5;13;36;;;;8,05;50;;;0;0;2;0
7Delantero;Radamel Falcao;36;COL;;;Rayo Vallecano;;;;359;6,78;4;;2;0,5;1;0,25;1,3;81;0,25;0,25;31;9,28;21,12;;0;2;0;0;2;0,5;1;4;0,75;3;1;50;;51;;45,63;182;37,1;148;5;1,25;1;14,8;3,26;9;1;50;37;;;;18,3;73;;;0;0;0;0
5Mediapunta;Randy Nteka;24;COD;;;Rayo Vallecano;;;;2504;6,85;23;;3;0,11;1;0,04;3,49;91;1,98;0,29;53;4,06;75,88;;0;20;0;0;9;0,32;0,65;18;1,44;40;8;76;;68;;69,51;1934;63,26;1760;19;0,68;55;13,4;1,22;62;2;10;113;;;;6;167;;;0;0;0;0
7Delantero;Raúl De Tomás;27;ESP;;;Rayo Vallecano;;;;2890;6,79;29;;10;0,31;2;0,06;14,3;85;0,28;1,46;45;5,04;82,57;80;5;13;0;0;8;0,25;1,18;38;0,75;24;47;60;;39;;34,47;1107;29,37;943;22;0,69;9;13;2,62;60;2;15;162;;;;12,99;417;60;;4;4;3;0
6Extremo;Salvi Sánchez;31;ESP;;;Rayo Vallecano;;;;1220;6,72;12;;1;0,07;2;0,15;1,06;86;2,51;3,02;33;2,88;55,45;;0;97;0;0;7;0,52;0,22;3;2,51;34;41;76;;53;;37,18;504;31,94;433;17;1,25;34;14,3;0,66;28;17;17;39;;;;5,39;73;;;0;0;3;0
4Mediocentro;Santi Comesaña;25;ESP;;;Rayo Vallecano;;;;2113;6,86;20;;1;0,04;1;0,04;0,5;92;1,49;0,09;44;2,64;66,03;;0;5;0;0;6;0,26;0,17;4;1,32;31;2;74;;62;;89,36;2098;82,59;1939;16;0,68;35;13,1;0,38;54;2;40;62;;;;4,26;100;;;0;0;9;1
7Delantero;Sergio Camello;21;ESP;;;Rayo Vallecano;;;;328;6,68;2;;1;0,27;0;;1,2;88;0,55;1,65;60;1,37;54,67;100;1;2;0;0;0;;0,82;3;1,37;5;6;100;;18;;44,18;161;38,69;141;1;0,27;2;12,9;1,37;4;0;0;5;;;;7,68;28;100;;1;1;0;0
1Portero;Stole Dimitrievski;28;MKD;;;Rayo Vallecano;;;;1980;6,94;16;31;0;;0;;0;70;0;;;;90;;0;;1;0;1;0,05;;;0,18;4;0;0;77;;86;41,36;910;29,05;639;2;0,09;0;6,4;;;;;;37;13;44;;;;7;0;0;0;0
6Extremo;Aitor Ruibal;26;ESP;;;Real Betis;;;;755;6,79;13;;3;0,36;2;0,24;1,18;88;1,67;2,26;67;4,41;32,83;;0;39;0;0;3;0,36;0,95;8;1,43;12;19;82;;69;;44,94;377;39,46;331;16;1,91;14;14,5;1,43;13;12;30;37;;;;6,44;54;;;0;0;1;0
6Extremo;Álex Moreno;28;ESP;;;Real Betis;;;;2324;6,98;49;;1;0,04;6;0,23;0,58;93;1,7;0,74;56;4,26;77,47;;0;145;3;0;11;0,43;0,19;5;2,83;73;19;76;;70;;66,07;1706;61,3;1583;60;2,32;44;12,6;0,35;88;48;33;110;;;;6,12;158;;;0;0;2;0
7Delantero;Borja Iglesias;29;ESP;;;Real Betis;;;;2283;7,24;56;;15;0,59;4;0,16;12,37;88;0,55;0,75;54;6,43;69,18;100;2;32;1;0;13;0,51;2,17;55;0,87;22;19;74;;69;;49,71;1261;43,88;1113;37;1,46;14;13,6;3,98;43;8;25;163;;;;9,3;236;74;;2;2;1;0
1Portero;Claudio Bravo;39;CHI;;;Real Betis;;;;1350;6,97;37;16;0;;0;;0;89;0;;;;90;;0;;0;1;0;;;;0,2;3;0;0;75;;84;38,87;583;34,4;516;0;;0;6,3;;;;;;13;9;25;;;;6;0;0;0;0
4Mediocentro;Edgar;25;ESP;;;Real Betis;;;;1283;6,96;28;;0;;1;0,07;0,59;99;0,91;;31;11,01;61,1;;0;0;5;0;0;;0,28;4;2,46;35;0;72;;81;;91,54;1305;90,21;1286;1;0,07;13;10,3;0,91;115;0;0;157;;;;13,68;195;;;0;0;3;0
3Defensa;Germán Pezzella;30;ARG;;;Real Betis;;;;1921;7,07;33;;2;0,09;1;0,05;1,19;99;0,61;;41;11,53;83,52;;0;1;6;1;0;;0,33;7;2,16;46;0;62;;84;;99;2113;97,78;2087;3;0,14;13;10;0,8;166;0;0;246;;;;13,73;293;;;0;0;5;0
4Mediocentro;Guido Rodríguez;28;ARG;;;Real Betis;;;;2540;6,95;47;;1;0,04;2;0,07;1,18;94;1,49;0,11;54;1,45;76,97;;0;10;1;1;6;0,21;0,25;7;1,06;30;3;81;;63;;111,12;3136;104,56;2951;21;0,74;42;12,4;0,46;26;4;40;41;;;;2,3;65;;;0;0;4;0
6Extremo;Joaquín;40;ESP;;;Real Betis;;;;159;6,62;3;;0;;0;;0,64;86;0;2,83;40;2,83;26,5;;0;20;0;0;0;;1,13;2;;0;5;0;;56;;41,89;74;36,23;64;6;3,4;0;14,8;2,83;0;5;25;5;;;;5,09;9;;;0;0;1;0
2Lateral;Juan Miranda;22;ESP;;;Real Betis;;;;1230;6,78;26;;0;;0;;0,61;94;1,39;0,29;33;6,8;45,56;;0;27;1;0;1;0,07;0,15;2;1,98;27;4;79;;81;;77,05;1053;72,73;994;10;0,73;19;12,2;0,44;61;10;37;93;;;;8,41;115;;;0;0;2;0
6Extremo;Juanmi;28;ESP;;;Real Betis;;;;2359;6,98;56;;13;0,5;4;0,15;8,03;88;1,45;2,82;41;3,36;69,38;;0;63;0;0;10;0,38;1,07;28;1,18;31;74;75;;61;;51,77;1357;45,55;1194;37;1,41;38;14,1;2,63;29;23;36;88;;;;5,53;145;;;0;0;2;0
2Lateral;Kevin;29;ESP;;;Real Betis;;;;321;6,72;9;;0;;1;0,28;0,17;95;1,4;;33;4,49;45,86;;0;10;0;0;0;;0,28;1;1,68;6;0;71;;55;;76,54;273;72,34;258;4;1,12;5;13,3;0,84;11;1;10;16;;;;8,13;29;;;0;0;2;0
3Defensa;Luiz Felipe;25;ITA;;;Real Betis;;;;2748;7,02;55;;2;0,07;3;0,1;1,84;98;0,75;0,1;23;8,06;83,27;;0;14;2;0;5;0,16;0,16;5;2,85;87;3;68;;77;;87,71;2678;86,1;2629;15;0,49;23;10,8;0,72;203;2;14;246;;;;10,41;318;;;0;0;10;0
6Extremo;Luiz Henrique;21;BRA;;;Real Betis;;;;198;6,72;3;;1;0,45;0;;0,47;93;0,91;1,82;14;5,45;28,29;;0;3;0;0;0;;0,45;1;1,36;3;4;50;;52;;53,64;118;50;110;0;;2;13,8;3,18;3;1;33;12;;;;10,45;23;;;0;0;0;0
6Extremo;Martín Merquelanz;26;ESP;;;Real Betis;;;;226;6,56;3;;0;;0;;0,77;87;0,8;3,58;56;2,79;25,11;;0;12;0;0;0;;1,99;5;0,4;1;9;40;;41;;43,81;110;38,23;96;1;0,4;2;15,2;3,58;2;1;8;7;;;;6,77;17;;;0;0;0;0
2Lateral;Martín Montoya;31;ESP;;;Real Betis;;;;453;6,85;13;;0;;1;0,2;0,05;93;1,19;1,79;0;5,36;34,85;;0;49;0;0;1;0,2;0;0;2,38;12;9;75;;68;;59,4;299;55,43;279;8;1,59;6;13,5;0,4;18;7;14;27;;;;7,95;40;;;0;0;1;0
6Extremo;Nabil Fekir;28;FRA;;;Real Betis;;;;2703;7,43;56;;10;0,33;12;0,4;9,12;87;0,87;2,46;58;2,63;75,08;0;1;309;1;0;26;0,87;1,3;39;1,3;39;74;76;;54;;60;1802;51,98;1561;146;4,86;26;14,2;2,23;25;108;34;79;;;;4,83;145;76;;0;0;3;0
6Extremo;Rodri;22;ESP;;;Real Betis;;;;1228;6,86;29;;1;0,07;3;0,22;1,31;91;1,03;1,32;50;2,49;49,12;;0;30;0;0;7;0,51;0,59;8;1,25;17;18;82;;58;;62,52;853;56,73;774;29;2,13;14;13,7;1,17;12;10;33;34;;;;4,32;59;;;0;0;0;0
1Portero;Rui Silva;28;POR;;;Real Betis;;;;2070;6,93;34;27;0;;0;;0;83;0;;;;90;;0;;0;0;0;;;;0,09;2;0;0;75;;84;39,17;901;32,52;748;0;;0;6,4;;;;;;26;10;43;;;;6;0;0;0;0
5Mediapunta;Sergio Canales;31;ESP;;;Real Betis;;;;2490;6,96;48;;9;0,33;4;0,14;5,92;86;0,69;1,3;61;1,37;83;;0;53;0;0;9;0,33;1,12;31;1,34;37;36;66;;54;;66,94;1852;57,72;1597;31;1,12;19;14,5;1,84;15;17;32;38;;;;2,53;70;;;0;0;0;0
4Mediocentro;Víctor Camarasa;27;ESP;;;Real Betis;;;;280;6,86;8;;1;0,32;1;0,32;0,22;92;0,32;;50;1,93;16,47;;0;3;0;0;2;0,64;0,32;1;1,61;5;0;50;;60;;102,21;318;94,5;294;3;0,96;1;15,1;0,64;4;0;0;6;;;;3,21;10;;;0;0;1;0
3Defensa;Víctor Ruiz;33;ESP;;;Real Betis;;;;1552;6,85;41;;0;;1;0,06;0,19;99;0,75;0,06;33;8,18;64,67;;0;0;5;1;0;;0,06;1;2,2;38;1;87;;71;;94,41;1628;93,65;1615;1;0,06;13;10,2;0,17;128;0;0;141;;;;11,54;199;;;0;0;4;0
4Mediocentro;William Carvalho;30;POR;;;Real Betis;;;;2993;7,29;64;;5;0,15;3;0,09;2,82;94;0,78;0,03;39;2,83;88,03;;0;18;0;0;10;0,3;0,39;13;0,93;31;1;87;;64;;119,56;3976;111,83;3719;46;1,38;26;13;0,99;57;8;44;94;;;;4,39;146;;;0;0;4;0
7Delantero;Willian José;30;BRA;;;Real Betis;;;;1749;6,79;30;;5;0,26;0;;5,8;87;0,41;0,46;39;3,65;53;100;1;7;0;0;7;0,36;0,93;18;0,36;7;9;89;;57;;43,64;848;37,87;736;22;1,13;8;13,6;2,37;23;2;28;71;;;;6,43;125;89;;1;1;2;0
2Lateral;Youssouf Sabaly;29;SEN;;;Real Betis;;;;1892;6,9;29;;0;;3;0,14;0,82;95;1,86;2,85;44;5,76;65,24;;0;146;4;0;8;0,38;0,19;4;2,9;61;60;87;;75;;54,47;1145;51,61;1085;28;1,33;39;12,8;0,43;93;32;21;121;;;;7,71;162;;;0;0;4;0
3Defensa;Antonio Rüdiger;29;GER;;;Real Madrid;;;;2053;7,02;39;;1;0,04;0;;1,62;98;0,79;0,35;25;10,7;73,32;;0;13;3;0;1;0,04;0,22;5;2,54;58;8;75;;88;;83,91;1914;81,85;1867;5;0,22;18;10,9;0,88;171;1;7;244;;;;12,14;277;;;0;0;6;0
4Mediocentro;Aurélien Tchouameni;22;FRA;;;Real Madrid;;;;1923;6,99;37;;1;0,05;1;0,05;1,6;92;1,97;0,14;25;4,91;62,03;;0;1;0;0;3;0,14;0,28;6;0,66;14;3;78;;77;;95,85;2048;88,36;1888;15;0,7;42;12,7;1,12;58;0;0;105;;;;6,41;137;;;0;0;5;0
3Defensa;Axel Tuanzebe;24;COD;;;Real Madrid;;;;362;6,86;7;;0;;0;;0,1;99;0,5;;50;11,69;72,4;;0;0;0;0;0;;0,25;1;2,73;11;0;67;;72;;84,28;339;83,78;337;2;0,5;2;10,4;0,5;25;0;0;47;;;;16,16;65;;;0;0;0;0
2Lateral;Dani Carvajal;30;ESP;;;Real Madrid;;;;863;6,98;22;;0;;0;;0,66;92;3,44;1,56;33;4,48;50,76;;0;70;1;1;6;0,63;0,21;2;3,86;37;15;87;;69;;70,29;674;64,76;621;19;1,98;33;13,8;0,63;26;11;15;43;;;;6,47;62;;;0;0;1;1
2Lateral;David Alaba;29;AUT;;;Real Madrid;;;;2537;6,95;50;;3;0,11;2;0,07;2,53;96;1,77;0,25;53;6,28;70,47;100;1;28;2;1;5;0,18;0,35;10;2,55;72;7;83;;73;;86,24;2431;82,44;2324;18;0,64;50;11,6;0,67;107;6;21;177;;;;8,62;243;83;;1;1;4;0
6Extremo;Eden Hazard;31;BEL;;;Real Madrid;;;;1754;7,13;39;;13;0,67;6;0,31;10,4;86;0,87;2,21;55;3,59;53,15;67;6;72;0;0;17;0,87;1,49;29;1,44;28;43;74;;64;;64,45;1256;55,47;1081;42;2,16;17;14,3;2,72;19;19;26;70;;;;5,64;110;74;;4;4;1;0
3Defensa;Éder Militão;24;BRA;;;Real Madrid;;;;2029;7,04;45;;2;0,09;0;;1,79;98;0,49;;33;10,11;69,97;;0;0;0;1;0;;0,4;9;2,26;51;0;65;;84;;87,65;1976;86,32;1946;3;0,13;11;10,5;1,2;140;0;0;228;;;;12,07;272;;;0;0;3;0
4Mediocentro;Eduardo Camavinga;19;FRA;;;Real Madrid;;;;1220;6,89;32;;2;0,15;1;0,07;1,9;91;1,18;1,11;37;2,07;43,57;;0;19;0;0;5;0,37;0,52;7;1,11;15;15;64;;58;;85,72;1162;77,83;1055;18;1,33;16;13,8;1,4;14;7;36;28;;;;3,54;48;;;0;0;1;0
4Mediocentro;Federico Valverde;23;URU;;;Real Madrid;;;;1534;7,01;28;;2;0,12;4;0,23;1,95;90;1,64;0,23;32;2,35;66,7;;0;12;0;0;5;0,29;0,35;6;1,35;23;4;58;;61;;91,29;1556;82,26;1402;31;1,82;28;13,5;1,11;19;2;16;40;;;;3,87;66;;;0;0;4;0
2Lateral;Ferland Mendy;26;FRA;;;Real Madrid;;;;2280;7,01;47;;0;;2;0,08;0,71;91;2,72;0,36;30;5,21;67,06;;0;97;3;1;12;0,47;0,12;3;3,95;100;9;78;;86;;79,22;2007;72;1824;39;1,54;69;13,2;0,39;84;26;26;132;;;;6,04;153;;;0;0;3;1
4Mediocentro;José Campaña;28;ESP;;;Real Madrid;;;;573;6,85;13;;0;;1;0,16;0,67;90;1,26;0,16;44;2,2;33,71;;0;12;0;0;4;0,63;0,63;4;0,79;5;1;73;;67;;101,47;646;90,94;579;14;2,2;8;14;1,41;5;2;16;14;;;;3,3;21;;;0;0;1;0
7Delantero;Karim Benzema;34;FRA;;;Real Madrid;;;;2534;6,84;47;;10;0,36;1;0,04;16,29;86;0,36;0,71;44;2,95;74,53;100;2;12;0;0;0;;1,63;46;0,36;10;20;77;;43;;31,54;888;27,13;764;28;0,99;10;12,4;3,69;19;6;50;83;;;;6,93;195;77;;2;2;0;0
2Lateral;Lucas Vázquez;30;ESP;;;Real Madrid;;;;903;6,88;20;;1;0,1;2;0,2;0,57;92;2,79;3,09;17;3,49;45,15;;0;104;0;1;7;0,7;0,1;1;2,09;21;31;90;;55;;61,59;618;56,61;568;23;2,29;28;14,1;0,6;16;23;22;35;;;;6,38;64;;;0;0;2;0
4Mediocentro;Luka Modric;36;CRO;;;Real Madrid;;;;1719;7,25;35;;1;0,05;6;0,31;1,83;90;0,47;0,1;19;0,68;74,74;0;1;82;0;0;13;0,68;0,16;3;0,63;12;2;75;;48;;116,28;2221;104,35;1993;65;3,4;9;13,3;0,84;2;31;37;13;;;;1,41;27;75;;0;0;0;0
6Extremo;Marco Asensio;26;ESP;;;Real Madrid;;;;2058;7,1;45;;11;0,48;7;0,31;8,17;89;0,92;1,92;49;3,5;62,36;100;1;63;2;0;15;0,66;1,53;35;1,75;40;44;70;;63;;66,95;1531;59,3;1356;45;1,97;21;13,8;3,1;24;17;26;80;;;;5,51;126;70;;1;1;1;0
7Delantero;Mariano;28;ESP;;;Real Madrid;;;;891;7,1;23;;9;0,91;1;0,1;10,61;83;0,71;0,61;44;7,68;35,64;100;1;6;0;0;2;0,2;3,23;32;0,51;5;6;78;;54;;30,4;301;25,25;250;12;1,21;7;13;7,27;19;2;33;76;;;;14,24;141;78;;1;1;0;0
2Lateral;Nacho;32;ESP;;;Real Madrid;;;;2422;7,14;48;;2;0,07;2;0,07;1,34;95;2,64;0,37;35;7,28;73,39;;0;96;3;0;8;0,3;0,22;6;3,01;81;10;82;;80;;81,19;2185;77,03;2073;28;1,04;71;12,8;0,63;109;30;31;196;;;;9,07;244;;;0;0;3;0
3Defensa;Nikola Milenkovic;24;SRB;;;Real Madrid;;;;426;7,17;4;;0;;0;;0,2;98;0,42;;50;17,96;60,86;;0;1;0;0;0;;0,42;2;2,96;14;0;67;;88;;95,92;454;93,59;443;0;;2;10,6;0,85;53;0;0;85;;;;20,49;97;;;0;0;2;0
6Extremo;Rodrygo;21;BRA;;;Real Madrid;;;;502;6,87;14;;1;0,18;2;0,36;1,37;90;1,25;2,15;25;1,97;31,38;;0;11;0;0;7;1,25;0,54;3;1,25;7;12;78;;39;;61,49;343;55,4;309;18;3,23;7;14,9;2,15;3;3;27;11;;;;5,02;28;;;0;0;0;0
1Portero;Thibaut Courtois;30;BEL;;;Real Madrid;;;;3420;6,97;70;29;0;;0;;0;90;0;;;;90;;0;;0;0;0;;;;0,18;7;0;0;71;;86;29,32;1114;26,45;1005;0;;0;5,6;;;;;;28;10;36;;;;16;0;0;0;0
4Mediocentro;Toni Kroos;32;GER;;;Real Madrid;;;;2683;7,18;49;;1;0,03;2;0,07;1,78;90;1,34;0,1;14;1,78;72,51;;0;270;0;0;18;0,6;0,1;3;0,84;25;3;83;;80;;108,72;3241;97,75;2914;117;3,92;40;13,3;0,7;28;73;27;53;;;;2,21;66;;;0;0;5;0
6Extremo;Vinícius Júnior;21;BRA;;;Real Madrid;;;;2100;7,2;36;;8;0,34;5;0,21;8,14;89;1,89;3,34;40;3,39;75;;0;110;1;0;16;0,69;1,37;32;1,54;36;78;85;;60;;61,97;1446;55,24;1289;63;2,7;44;14,6;3,47;17;29;26;79;;;;5,66;132;;;0;0;2;0
2Lateral;Aihen Muñoz;24;ESP;;;Real Sociedad;;;;2443;6,99;24;;1;0,04;2;0,07;0,2;95;2,03;0,48;25;3,57;81,43;;0;44;5;0;3;0,11;0,04;1;2,76;75;13;77;;76;;93,94;2550;89,71;2435;13;0,48;55;11,8;0,15;94;12;27;97;;;;4,68;127;;;0;0;3;0
1Portero;Álex Remiro;27;ESP;;;Real Sociedad;;;;3420;7,24;38;27;0;;0;;0;87;0,03;;;;90;;0;;1;0;0;;;;0,29;11;0;50;86;;88;43,82;1665;38,26;1454;1;0,03;1;6,5;;;;;;56;17;91;;;;21;0;0;0;0
2Lateral;Álex Sola;22;ESP;;;Real Sociedad;;;;274;6,93;2;;0;;1;0,33;0,06;95;2,96;;0;5,91;27,4;;0;13;2;0;1;0,33;0;0;3,28;10;0;69;;69;;77,85;237;73,91;225;4;1,31;9;13,4;0,33;20;3;23;18;;;;8,54;26;;;0;0;3;0
7Delantero;Alexander Sørloth;26;NOR;;;Real Sociedad;;;;1624;6,83;15;;6;0,33;1;0,06;8,34;87;0,61;0,94;35;7,04;56;;0;7;0;0;3;0,17;1,39;25;0,83;15;17;61;;66;;50,43;910;44,06;795;22;1,22;11;13,2;3,93;51;4;57;127;;;;10,64;192;;;0;0;1;0
6Extremo;Ander Barrenetxea;20;ESP;;;Real Sociedad;;;;1705;6,81;19;;3;0,16;2;0,11;2,89;89;1,27;2,9;67;3,85;65,58;;0;103;0;0;5;0,26;1,06;20;1,21;23;55;69;;63;;61,97;1174;55;1042;39;2,06;24;13,5;1,58;33;28;27;73;;;;6,12;116;;;0;0;2;0
4Mediocentro;Ander Guevara;24;ESP;;;Real Sociedad;;;;926;6,9;10;;1;0,1;1;0,1;0,18;95;1,65;;33;2,04;37,04;;0;2;0;0;1;0,1;0,1;1;1,17;12;0;65;;64;;98,84;1017;94,28;970;9;0,87;17;12,8;0,29;16;1;50;21;;;;3,21;33;;;0;0;3;0
2Lateral;Andoni Gorosabel;25;ESP;;;Real Sociedad;;;;2908;7,06;35;;0;;4;0,12;0,64;94;3,34;1,67;43;4,46;80,78;;0;145;7;0;16;0,5;0,09;3;2,38;77;54;82;;66;;66,7;2155;62,55;2021;58;1,8;108;12,6;0,22;129;49;33;144;;;;6,78;219;;;0;0;6;0
2Lateral;Aritz Elustondo;28;ESP;;;Real Sociedad;;;;3067;6,94;31;;0;;0;;0,43;98;0,82;0,09;40;8,07;87,63;;0;8;7;2;2;0,06;0,06;2;2,14;73;3;88;;79;;93,55;3188;91,79;3128;8;0,23;28;10,3;0,15;210;6;75;275;;;;10,21;348;;;0;0;8;1
4Mediocentro;Asier Illarramendi;32;ESP;;;Real Sociedad;;;;2167;6,99;26;;0;;1;0,04;0,14;95;1,5;;100;2,57;67,72;;0;7;1;0;7;0,29;0,08;2;0,83;20;0;72;;78;;113,92;2743;107,86;2597;15;0,62;36;12,4;0,08;43;0;0;62;;;;3,28;79;;;0;0;6;1
6Extremo;Brais Méndez;25;ESP;;;Real Sociedad;;;;1188;6,7;17;;2;0,15;0;;1,7;88;1,44;1,74;43;4,32;38,32;;0;41;0;0;1;0,08;0,68;9;1,52;20;23;70;;80;;64,85;856;57,2;755;10;0,76;19;14;1,59;24;9;21;57;;;;5,38;71;;;0;0;1;0
7Delantero;Carlos Fernández;25;ESP;;;Real Sociedad;;;;129;6,57;1;;0;;0;;0;96;0,7;;;2,79;43;;0;0;0;0;0;;;;;0;0;50;;57;;55,12;79;53,02;76;0;;1;12,7;;1;0;0;4;;;;4,88;7;;;0;0;0;0
5Mediapunta;David Silva;36;ESP;;;Real Sociedad;;;;1889;7,05;23;;4;0,19;5;0,24;2,56;89;1,24;1,33;45;1,14;62,97;;0;104;0;0;10;0,48;0,43;9;0,95;20;28;72;;56;;95,57;2006;85,19;1788;45;2,14;26;13,3;0,95;16;29;27;24;;;;2,05;43;;;0;0;2;0
2Lateral;Diego Rico;29;ESP;;;Real Sociedad;;;;928;6,86;12;;0;;0;;0,15;96;3,69;0,29;0;5,33;44,19;;0;9;2;0;0;;0;0;2,62;27;3;84;;72;;85,93;886;82,53;851;5;0,48;38;12,3;0,39;59;4;44;55;;;;7,37;76;;;0;0;1;0
4Mediocentro;Igor Zubeldia;25;ESP;;;Real Sociedad;;;;2634;6,82;24;;0;;1;0,03;0,18;99;0,48;0,24;25;6,36;84,97;;0;1;2;0;0;;0,03;1;1,81;53;7;67;;72;;104,18;3049;103,15;3019;3;0,1;14;10,2;0,14;172;0;0;186;;;;8,88;260;;;0;0;5;0
7Delantero;Jon Karrikaburu;19;ESP;;;Real Sociedad;;;;156;6,6;1;;0;;0;;0,46;87;0,58;0,58;60;2,88;52;;0;1;0;0;0;;1,73;3;;0;1;50;;42;;30;52;25,96;45;1;0,58;1;12,2;2,88;1;0;0;5;;;;6,92;12;;;0;0;0;0
2Lateral;Jon Pacheco;21;ESP;;;Real Sociedad;;;;478;6,78;9;;0;;0;;0,02;98;1,32;;0;4,52;47,8;;0;6;1;1;2;0,38;0;0;1,69;9;0;70;;56;;89,06;473;87,18;463;1;0,19;7;10,8;0,19;23;1;16;24;;;;8,1;43;;;0;0;0;0
4Mediocentro;Martín Zubimendi;23;ESP;;;Real Sociedad;;;;1833;6,92;16;;0;;0;;1,25;95;1,47;0,05;62;2,26;65,46;;0;6;0;0;1;0,05;0,39;8;0,74;15;1;68;;66;;102,57;2089;97,86;1993;7;0,34;30;12,5;0,64;27;1;16;46;;;;3,44;70;;;0;0;4;0
4Mediocentro;Mikel Merino;25;ESP;;;Real Sociedad;;;;2825;7,06;28;;0;;3;0,1;2,04;93;1,66;0,41;34;3,98;78,47;;0;20;2;0;7;0,22;0,32;10;1,05;33;13;75;;75;;98,25;3084;91,56;2874;29;0,92;52;13,1;0,92;82;5;25;125;;;;5,29;166;;;0;0;3;0
6Extremo;Mikel Oyarzábal;25;ESP;;;Real Sociedad;;;;2616;7,24;32;;9;0,31;5;0,17;8,28;88;1,79;1,38;51;4,78;79,27;67;3;54;0;0;17;0,58;1,07;31;1,44;42;40;87;;73;;83,64;2431;73,83;2146;46;1,58;52;13,5;2,1;51;18;33;139;;;;6,57;191;87;;2;2;4;0
6Extremo;Mohamed-Ali Cho;18;FRA;;;Real Sociedad;;;;528;6,67;4;;1;0,17;0;;1,86;88;0,68;2,05;50;4,26;40,62;;0;11;0;0;1;0,17;1,19;7;1,02;6;12;44;;47;;49,6;291;43,47;255;8;1,36;4;13,3;2,39;6;5;45;25;;;;9,03;53;;;0;0;0;0
6Extremo;Robert Navarro;20;ESP;;;Real Sociedad;;;;597;6,92;7;;1;0,15;3;0,45;0,8;90;1,66;2,26;33;3,92;33,17;;0;24;0;0;4;0,6;0,6;4;0,9;6;15;69;;60;;76,73;509;69,35;460;13;1,96;11;14,5;1,81;12;4;16;26;;;;6,48;43;;;0;0;1;0
3Defensa;Robin Le Normand;25;FRA;;;Real Sociedad;;;;672;7,06;7;;1;0,13;0;;0,51;98;0,8;0,13;60;9,78;61,09;;0;0;2;0;0;;0,4;3;2,28;17;1;100;;80;;97,63;729;96,16;718;0;;6;10,4;0,67;66;0;0;73;;;;12,19;91;;;0;0;1;0
6Extremo;Takefusa Kubo;20;JPN;;;Real Sociedad;;;;953;6,66;7;;1;0,09;0;;0,87;86;1,23;1,51;42;2,27;50,16;;0;59;0;0;4;0,38;0,47;5;1,13;12;16;68;;49;;56,76;601;49,01;519;21;1,98;13;13,3;1,13;10;17;28;24;;;;4,63;49;;;0;0;0;0
7Delantero;Umar Sadiq;25;NGA;;;Real Sociedad;;;;1066;6,96;20;;6;0,51;0;;5,8;84;1,1;0,68;56;7,68;50,76;100;1;10;0;0;2;0,17;1,94;23;0,76;9;8;65;;65;;41,2;488;34,62;410;13;1,1;13;12,4;3,46;47;2;20;91;;;;11,74;139;65;;1;1;0;0
4Mediocentro;Alberto Quintana;20;ESP;;;Real Valladolid;;;;18;7,3;0;;0;;0;;0;95;5;;;;18;;0;0;0;0;0;;;;;4;0;50;;100;;;20;;19;0;;1;;;2;0;0;5;;;;;5;;;0;0;0;0
4Mediocentro;Álvaro Aguado;26;ESP;;;Real Valladolid;;;;350;6,78;1;;0;;0;;0,35;89;2,57;;40;1,29;25;;0;10;0;0;1;0,26;0,51;2;2,31;9;0;91;;38;;73,29;285;65,31;254;5;1,29;10;14,7;1,29;11;2;20;5;;;;3,34;13;;;0;0;0;0
4Mediocentro;Anuar;27;ESP;;;Real Valladolid;;;;592;6,58;6;;1;0,15;0;;0,01;90;1,98;0,91;100;3,5;34,82;;0;31;0;1;2;0,3;0,15;1;1,82;12;6;62;;68;;41,2;271;37,25;245;7;1,06;13;14,1;0,15;27;7;22;23;;;;5,17;34;;;0;0;6;0
6Extremo;Gonzalo Plata;21;ECU;;;Real Valladolid;;;;730;6,57;8;;0;;0;;1,48;87;0,99;2,71;43;2,71;66,36;;0;22;0;0;4;0,49;0,74;6;2,1;17;22;100;;50;;47,1;382;40,81;331;10;1,23;8;13,9;1,73;12;6;27;22;;;;5,42;44;;;0;0;1;0
3Defensa;Jaouad El Yamiq;30;MAR;;;Real Valladolid;;;;1904;6,6;18;;0;;0;;0,22;96;0,66;;20;10,35;70,52;;0;1;3;0;1;0,05;0,05;1;2,22;47;0;78;;85;;47,84;1012;45,9;971;1;0,05;14;10,3;0,24;221;1;100;219;;;;12,24;259;;;0;0;0;1
3Defensa;Javi Sánchez;25;ESP;;;Real Valladolid;;;;2227;6,62;23;;0;;1;0,04;0,68;96;0,73;;33;8,89;65,5;;0;1;4;0;1;0,04;0,12;3;1,98;49;0;69;;81;;50,35;1246;48,46;1199;2;0,08;18;10,4;0,36;255;0;0;220;;;;10,95;271;;;0;0;3;0
4Mediocentro;Joaquín;25;ESP;;;Real Valladolid;;;;2774;6,61;20;;3;0,1;1;0,03;0,79;97;0,75;0,03;44;7,66;86,69;;0;3;7;2;1;0,03;0,13;4;1,72;53;1;68;;73;;52,75;1626;51,39;1584;6;0,19;23;10,5;0,29;192;1;33;236;;;;10,45;322;;;0;0;2;0
1Portero;Jordi Masip;33;ESP;;;Real Valladolid;;;;630;7,1;6;10;0;;0;;0;49;0,29;;;;90;;0;;0;1;0;;;;0,43;3;0;50;77;;82;38,29;268;18,71;131;1;0,14;2;6,4;;;;;;16;7;11;;;;1;0;0;0;0
6Extremo;Kenedy;26;BRA;;;Real Valladolid;;;;948;6,58;11;;1;0,09;0;;2,6;89;3,04;2,75;36;4,84;41,22;;0;44;0;0;2;0,19;0,76;8;1,33;14;29;84;;65;;37,31;393;33,23;350;10;0,95;32;14,2;2,09;26;8;18;51;;;;7,5;79;;;0;0;3;0
4Mediocentro;Kike;25;ESP;;;Real Valladolid;;;;956;6,63;9;;0;;0;;0,66;89;3,2;0,38;10;1,79;31,87;;0;11;2;0;2;0,19;0,09;1;1,32;14;4;77;;49;;56,11;596;49,71;528;6;0,56;34;14,3;0,94;17;3;27;19;;;;3,67;39;;;0;0;3;0
2Lateral;Lucas Olaza;27;URU;;;Real Valladolid;;;;843;6,56;7;;0;;0;;1,09;92;1,92;0,96;29;4,7;46,83;;0;44;2;0;1;0,11;0,21;2;3,95;37;9;78;;76;;48,68;456;44,63;418;6;0,64;18;13,4;0,75;40;7;15;44;;;;6,19;58;;;0;0;5;1
2Lateral;Luis Pérez;27;ESP;;;Real Valladolid;;;;2793;6,72;26;;0;;6;0,19;0,47;91;2,96;1,51;43;6,22;82,15;;0;197;7;1;5;0,16;0,1;3;3,06;95;47;85;;74;;32,93;1022;29,94;929;45;1,45;92;13,7;0,23;170;45;22;193;;;;8,41;261;;;0;0;9;2
4Mediocentro;Mickaël Malsa;26;MTQ;;;Real Valladolid;;;;2363;6,85;21;;2;0,08;4;0,15;1,21;93;3,12;0,15;44;1,79;78,77;;0;17;3;1;5;0,19;0,15;4;2,06;54;4;85;;53;;64,86;1703;60,03;1576;21;0,8;82;12,8;0,34;42;6;35;47;;;;3,39;89;;;0;0;10;2
4Mediocentro;Monchu;22;ESP;;;Real Valladolid;;;;3096;6,97;30;;4;0,12;5;0,15;4,61;88;1,28;0,2;53;1,42;86;80;5;196;2;0;16;0,47;0,26;9;1,31;45;7;79;;58;;78,78;2710;69,22;2381;85;2,47;44;13,1;0,49;41;53;27;49;;;;2,44;84;79;;4;4;5;0
6Extremo;Óscar Plano;31;ESP;;;Real Valladolid;;;;883;6,69;7;;1;0,1;2;0,2;1,81;88;1,73;1,12;41;3,57;44,15;;0;11;0;0;5;0,51;0,71;7;1,53;15;11;68;;49;;47,5;466;41,69;409;11;1,12;17;14,6;1,73;18;2;18;35;;;;7,24;71;;;0;0;2;0
4Mediocentro;Roque Mesa;32;ESP;;;Real Valladolid;;;;1982;6,65;13;;0;;2;0,09;0,92;90;1,5;1,45;27;1,36;76,23;;0;37;2;0;4;0,18;0,14;3;1,86;41;32;59;;48;;65,62;1445;59,17;1303;20;0,91;33;13,2;0,5;24;11;29;30;;;;2,86;63;;;0;0;3;3
6Extremo;Sergi Guardiola;30;ESP;;;Real Valladolid;;;;2774;6,85;30;;15;0,49;0;;9,89;80;0,84;1,2;59;10,12;81,59;;0;53;0;0;6;0,19;1,88;58;0,97;30;37;68;;58;;37,96;1170;30,47;939;25;0,81;26;13;3,18;94;10;18;312;;;;17,39;536;;;0;0;5;0
1Portero;Sergio Asenjo;32;ESP;;;Real Valladolid;;;;2790;6,8;25;46;0;;0;;0;40;0,06;;;;90;;0;;0;1;2;0,06;;;0,1;3;0;22;78;;85;36,68;1137;14,68;455;5;0,16;2;6;;;;;;46;16;87;;;;7;0;0;0;0
2Lateral;Sergio Escudero;32;ESP;;;Real Valladolid;;;;2311;6,69;21;;1;0,04;3;0,12;0,7;90;2,92;0,74;36;7,17;74,55;;0;98;2;0;6;0,23;0,16;4;2,49;64;19;86;;86;;39,68;1019;35,79;919;33;1,29;75;13,7;0,43;141;27;27;184;;;;8,37;215;;;0;0;6;0
7Delantero;Sergio León;33;ESP;;;Real Valladolid;;;;1539;6,54;14;;1;0,06;0;;3,19;86;0,41;0,76;47;4,68;51,3;;0;17;0;2;7;0,41;0,88;15;0,7;12;13;58;;36;;39,77;680;34,04;582;16;0,94;7;13,1;1,87;26;4;23;80;;;;13,04;223;;;0;0;1;0
7Delantero;Shon Weissman;26;ISR;;;Real Valladolid;;;;1169;6,49;10;;0;;0;;2,02;84;1,15;0,54;57;3,23;43,3;;0;10;1;0;4;0,31;0,92;12;0,69;9;7;83;;27;;40,73;529;34,34;446;15;1,15;15;13,3;1,62;14;2;20;42;;;;11,78;153;;;0;0;2;0
3Defensa;Zouhair Feddal;32;MAR;;;Real Valladolid;;;;2889;6,62;27;;0;;0;;0,64;98;0,93;;36;9,03;84,97;;0;3;4;0;1;0,03;0,16;5;1,84;59;0;79;;85;;53,55;1719;52,49;1685;4;0,12;30;10,2;0,44;274;1;33;290;;;;10,69;343;;;0;0;5;0
6Extremo;Adnan Januzaj;27;BEL;;;Sevilla;;;;51;6,8;2;;0;;0;;0,01;76;3,53;;100;;25,5;;0;11;0;0;0;;;1;;1;0;100;;40;;;25;;19;4;;2;;;0;5;45;2;;;;;5;;;0;0;0;0
6Extremo;Alejandro Gómez;34;ARG;;;Sevilla;;;;2829;7;50;;10;0,32;2;0,06;8,43;85;1,53;3,15;52;2,23;80,83;100;2;324;0;0;14;0,45;0,95;30;1,53;48;99;81;;50;;50,52;1588;42,88;1348;98;3,12;48;14,5;1,85;19;92;28;70;;;;4,49;141;81;;2;2;4;0
2Lateral;Alex Telles;29;BRA;;;Sevilla;;;;1336;6,72;19;;2;0,13;5;0,34;2,64;91;2,43;1,55;43;5,66;49,48;50;2;139;1;0;7;0,47;0,4;6;2,16;32;23;82;;79;;50,52;750;46,08;684;33;2,22;36;14,5;0,94;47;40;28;84;;;;7,21;107;82;;1;1;6;0
6Extremo;Erik Lamela;30;ARG;;;Sevilla;;;;1496;6,67;27;;5;0,3;5;0,3;3,36;86;0,9;1,08;48;2,83;49,87;;0;29;0;0;3;0,18;0,78;13;0,96;16;18;79;;53;;52,76;877;45,24;752;25;1,5;15;14,2;1,62;9;6;20;47;;;;5,29;88;;;0;0;3;0
4Mediocentro;Fernando;34;BRA;;;Sevilla;;;;2411;6,79;43;;0;;2;0,07;0,3;96;1,05;0,11;29;7,28;89,3;;0;2;4;0;1;0,04;0,07;2;2,61;70;3;70;;71;;68,54;1836;65,92;1766;5;0,19;28;10,7;0,26;156;0;0;195;;;;10,27;275;;;0;0;7;0
2Lateral;Gonzalo Montiel;25;ARG;;;Sevilla;;;;1056;6,51;15;;0;;0;;0,19;94;1,96;0,94;0;5,37;55,58;;0;64;3;0;3;0,26;0;0;2,22;26;11;66;;70;;52,67;618;49,52;581;9;0,77;23;12,7;0,17;60;12;18;63;;;;7,67;90;;;0;0;7;2
4Mediocentro;Ivan Rakitic;34;CRO;;;Sevilla;;;;2531;6,72;42;;2;0,07;1;0,04;1,54;86;1,21;0,25;46;2,28;74,44;;0;38;1;0;11;0,39;0,39;11;0,96;27;7;68;;69;;80,04;2251;68,91;1938;29;1,03;34;13,4;0,85;42;10;26;64;;;;3,31;93;;;0;0;4;0
6Extremo;Jesús Corona;29;MEX;;;Sevilla;;;;2308;6,74;41;;5;0,19;4;0,16;4,36;85;1,17;2,57;60;2,42;69,94;;0;175;1;0;15;0,58;0,82;21;1,44;37;66;75;;50;;48,35;1240;41,22;1057;70;2,73;30;14,1;1,36;27;58;33;62;;;;4,84;124;;;0;0;4;0
2Lateral;Jesús Navas;36;ESP;;;Sevilla;;;;2350;7,11;48;;3;0,11;4;0,15;1,4;92;2,41;3,83;38;4,67;81,03;;0;354;4;0;18;0,69;0,19;5;2,99;78;100;80;;67;;41,4;1081;37,91;990;68;2,6;63;14,6;0,5;64;62;17;122;;;;6,93;181;;;0;0;7;1
4Mediocentro;Joan Jordán;27;ESP;;;Sevilla;;;;1992;6,79;39;;3;0,14;7;0,32;2,95;86;0,99;0,32;39;1,9;56,91;;0;16;0;1;3;0,14;0,5;11;1,58;35;7;67;;55;;84,08;1861;72,24;1599;20;0,9;22;13,8;1,27;28;5;31;42;;;;3,48;77;;;0;0;1;0
3Defensa;Karim Rekik;27;NED;;;Sevilla;;;;2423;6,8;39;;0;;0;;0,58;98;1,15;;33;10,85;83,55;;0;11;9;2;1;0,04;0,19;5;2,56;69;0;65;;84;;60,84;1638;59,69;1607;5;0,19;31;10,4;0,56;207;6;54;292;;;;12,89;347;;;0;0;8;0
6Extremo;Kasper Dolberg;24;DEN;;;Sevilla;;;;269;6,67;1;;1;0,33;0;;1,2;86;0,67;0,33;30;3,68;24,45;;0;5;0;0;0;;1;3;1,34;4;1;100;;50;;39,48;118;34,13;102;2;0,67;2;14,2;3,35;2;1;20;11;;;;7,36;22;;;0;0;0;0
3Defensa;Marcão;25;BRA;;;Sevilla;;;;2984;6,72;58;;0;;1;0,03;0,45;95;1,36;0,09;33;5,94;85,26;;0;2;5;0;1;0,03;0,09;3;2,87;95;3;80;;78;;68,8;2281;65,54;2173;8;0,24;45;10,8;0,27;168;0;0;197;;;;7,66;254;;;0;0;6;0
2Lateral;Marcos Acuña;30;ARG;;;Sevilla;;;;2039;6,78;41;;0;;8;0,35;0,42;86;2,38;0,93;0;2,82;78,42;;0;237;3;0;14;0,62;0;0;2,07;47;21;82;;61;;46,13;1045;39,73;900;74;3,27;54;13,7;0,44;33;68;28;64;;;;4,63;105;;;0;0;10;2
1Portero;Marko Dmitrovic;30;SRB;;;Sevilla;;;;360;6,92;6;7;0;;0;;0;77;0;;;;90;;0;;0;0;0;;;;0,25;1;0;0;69;;87;30,5;122;23,5;94;0;;0;4,5;;;;;;5;1;10;;;;1;0;0;0;0
4Mediocentro;Nemanja Gudelj;30;SRB;;;Sevilla;;;;480;6,62;5;;0;;1;0,19;0,17;95;1,12;;0;6,75;32;;0;2;0;0;2;0,38;0;0;2,06;11;0;67;;65;;57,94;309;54,94;293;2;0,38;6;12,2;0,38;26;1;50;36;;;;10,31;55;;;0;0;2;1
6Extremo;Óliver;27;ESP;;;Sevilla;;;;401;6,79;6;;0;;1;0,22;0,54;86;1,35;0,9;33;2,02;22,28;;0;12;0;0;2;0,45;0,45;2;1,8;8;4;75;;56;;91,12;406;78,33;349;9;2,02;6;14,9;1,35;7;4;33;9;;;;3,59;16;;;0;0;0;0
7Delantero;Rafa Mir;24;ESP;;;Sevilla;;;;1110;6,92;23;;6;0,49;2;0,16;6,28;84;1,05;0,89;39;7,62;33,64;;0;7;0;0;1;0,08;2,19;27;0,97;12;11;76;;58;;32,76;404;27,57;340;9;0,73;13;14,1;5,68;33;0;0;94;;;;13,22;163;;;0;0;0;0
6Extremo;Suso;28;ESP;;;Sevilla;;;;562;6,79;9;;5;0,8;0;;2,04;83;1,44;1,28;69;1,92;26,76;;0;18;0;0;3;0,48;1,76;11;1,28;8;8;82;;44;;53,17;332;44,36;277;15;2,4;9;15;2,56;3;9;50;12;;;;4,32;27;;;0;0;0;0
3Defensa;Tanguy Nianzou;19;FRA;;;Sevilla;;;;1520;7,11;30;;0;;1;0,06;1,25;94;1,36;0,3;10;12,08;58,46;;0;4;6;2;1;0,06;0,12;2;3,67;62;5;77;;84;;70,4;1189;65,96;1114;3;0,18;23;11,4;1,18;139;0;0;204;;;;14,33;242;;;0;0;4;0
4Mediocentro;Thomas Delaney;30;DEN;;;Sevilla;;;;1691;6,94;30;;4;0,21;4;0,21;4,2;87;1,92;0,11;40;6,39;49,74;;0;18;0;0;2;0,11;0,9;17;1,49;28;2;68;;72;;81,11;1524;70,47;1324;20;1,06;36;13,7;2,29;58;3;16;120;;;;8,84;166;;;0;0;6;0
1Portero;Yassine Bounou;31;MAR;;;Sevilla;;;;3060;6,94;55;40;0;;0;;0;86;0;;;;90;;0;;0;0;0;;;;0,26;9;0;0;73;;85;32,15;1093;27,79;945;0;;0;4,6;;;;;;34;13;60;;;;10;0;0;0;0
7Delantero;Youssef En-Nesyri;24;MAR;;;Sevilla;;;;2032;6,99;36;;14;0,62;3;0,13;10,41;86;0,35;0,35;50;6,64;63,5;;0;9;0;0;8;0,35;2,39;54;0,71;16;8;67;;50;;30,07;679;25,73;581;21;0,93;8;12,7;4,74;42;2;22;150;;;;13,33;301;;;0;0;1;1
4Mediocentro;André Almeida;21;POR;;;Valencia;;;;1015;6,82;16;;3;0,27;3;0,27;2,45;85;0,98;1,51;48;1,51;33,83;;0;44;0;0;7;0,62;0,98;11;1,51;17;17;55;;40;;61;688;51,96;586;26;2,31;11;15,7;2,04;9;9;20;17;;;;3,72;42;;;0;0;1;0
2Lateral;Dimitri Foulquier;29;GLP;;;Valencia;;;;2071;7,04;33;;1;0,04;1;0,04;0,36;95;2,69;3,22;67;6,08;66,81;;0;184;4;1;10;0,43;0,17;4;3,39;78;74;82;;77;;49,93;1149;47,5;1093;46;2;62;13,1;0,26;101;44;23;140;;;;7,91;182;;;0;0;4;0
7Delantero;Edinson Cavani;35;URU;;;Valencia;;;;2130;7,49;41;;23;0,97;3;0,13;19,71;86;0,25;0,25;57;7,73;85,2;80;5;3;0;0;6;0,25;2,87;68;0,38;9;6;60;;60;;29,32;694;25,14;595;19;0,8;6;12;5,07;52;1;33;183;;;;12,8;303;60;;4;4;0;0
3Defensa;Eray Cömert;24;SUI;;;Valencia;;;;1039;6,58;17;;1;0,09;0;;0,3;98;0,52;0,09;67;7,54;54,68;;0;1;1;0;0;;0,17;2;1,39;16;1;55;;67;;69,3;800;68,08;786;0;;6;10,4;0,26;80;0;0;87;;;;11,17;129;;;0;0;0;0
3Defensa;Gabriel Paulista;31;BRA;;;Valencia;;;;3048;6,92;39;;0;;0;;1,47;98;1;0,03;22;9,77;84,67;;0;4;11;1;0;;0,15;5;2,57;87;1;71;;83;;79,34;2687;78,13;2646;3;0,09;34;10,4;0,68;254;1;25;331;;;;11,75;398;;;0;0;5;0
6Extremo;Hugo Duro;22;ESP;;;Valencia;;;;1374;6,7;22;;3;0,2;2;0,13;3,62;89;0,92;1,18;35;1,97;57,25;100;1;10;0;0;4;0,26;0,46;7;1,11;17;18;78;;31;;47,75;729;42,51;649;14;0,92;14;14,1;1,31;14;2;20;30;;;;6,29;96;78;;1;1;1;0
4Mediocentro;Hugo Guillamón;22;ESP;;;Valencia;;;;1695;6,94;25;;2;0,11;0;;0,53;97;1,43;0,27;50;6,74;51,36;;0;7;2;0;1;0,05;0,21;4;2,12;40;5;84;;73;;83,26;1568;80,55;1517;8;0,42;27;11,6;0,42;87;3;42;127;;;;9,29;175;;;0;0;2;0
1Portero;Iago Herrerín;34;ESP;;;Valencia;;;;90;6;0;2;0;;0;;0;38;;;;;90;;0;;0;1;0;;;;;0;0;;66;;89;29;29;11;11;0;;;6;;;;;;1;1;2;;;;0;0;0;0;0
4Mediocentro;Ilaix Moriba;19;GUI;;;Valencia;;;;2499;7,07;42;;0;;4;0,14;1,83;92;1,37;1,58;30;3,49;78,09;;0;13;1;0;8;0,29;0,36;10;1,04;29;44;78;;71;;105,99;2943;97,24;2700;36;1,3;38;12,8;1,19;59;6;46;97;;;;4,9;136;;;0;0;3;1
1Portero;Jaume Domènech;31;ESP;;;Valencia;;;;3330;6,9;54;32;0;;0;;0;70;0,05;;;;90;;0;;0;0;1;0,03;;;0,38;14;0;100;79;;87;35,46;1312;24,78;917;2;0,05;2;6,4;;;;;;42;12;64;;;;11;0;0;0;0
2Lateral;Jesús Vázquez;19;ESP;;;Valencia;;;;8;;0;;0;;0;;0;67;;;;;8;;0;0;0;0;0;;;;;0;0;;;;;;6;;4;0;;;;;0;0;0;;;;;;0;;;0;0;0;0
2Lateral;José Gayà;26;ESP;;;Valencia;;;;2648;7,07;43;;3;0,1;11;0,37;2,83;92;2,21;1,16;50;3,87;80,24;100;1;358;2;1;24;0,82;0,34;10;3,43;101;34;76;;73;;65,19;1918;59,82;1760;122;4,15;65;13,3;0,68;73;98;27;114;;;;5,34;157;76;;1;1;2;1
6Extremo;Justin Kluivert;23;NED;;;Valencia;;;;2753;6,8;45;;6;0,2;2;0,07;4,32;88;1,21;3,73;51;3,17;76,47;;0;128;1;1;13;0,42;0,75;23;1,5;46;114;74;;53;;49,59;1517;43,84;1341;52;1,7;37;13,9;1,47;29;30;23;97;;;;6,02;184;;;0;0;2;1
7Delantero;Marcos André;25;BRA;;;Valencia;;;;334;6,57;5;;0;;0;;1,5;85;0;1,08;50;2,16;23,86;;0;1;0;0;0;;1,08;4;0,27;1;4;0;;31;;38,26;142;32,6;121;2;0,54;0;14,3;2,16;1;1;100;8;;;;7,01;26;;;0;0;0;0
4Mediocentro;Nico;20;ESP;;;Valencia;;;;2670;7,05;50;;3;0,1;0;;0,77;93;1,69;0,03;71;3,03;76,29;;0;21;0;0;2;0,07;0,34;10;0,94;28;1;68;;74;;107,06;3176;99,47;2951;25;0,84;50;12,8;0,47;59;8;38;90;;;;4,08;121;;;0;0;7;0
4Mediocentro;Paul Akouokou;24;CIV;;;Valencia;;;;792;6,94;8;;0;;2;0,23;0,47;94;1,93;0,11;17;3,07;72;;0;5;0;0;5;0,57;0,11;1;0,68;6;1;65;;61;;86,93;765;81,7;719;9;1,02;17;12,2;0,68;11;1;20;27;;;;5;44;;;0;0;2;0
6Extremo;Samu Castillejo;27;ESP;;;Valencia;;;;1017;6,66;15;;0;;3;0,27;0,84;86;1,15;2,3;29;4,34;33,9;;0;46;0;0;3;0,27;0,35;4;1,68;19;26;72;;60;;52,65;595;45,13;510;22;1,95;13;14,5;1,24;22;14;30;49;;;;7,17;81;;;0;0;0;0
6Extremo;Samuel Lino;22;BRA;;;Valencia;;;;2909;6,84;46;;4;0,12;6;0,19;7,92;88;1,39;2,01;33;4,89;80,81;;0;74;0;0;17;0,53;0,87;28;1,42;46;65;82;;66;;47,77;1544;42,26;1366;43;1,33;45;14;2,6;48;21;28;158;;;;7,36;238;;;0;0;2;0
6Extremo;Tete Morente;25;ESP;;;Valencia;;;;266;6,62;1;;1;0,34;0;;1,25;83;1,69;2,03;45;4,06;29,56;;0;6;0;0;0;;1,69;5;0,68;2;6;83;;55;;50,75;150;41,95;124;0;;5;15,4;3,72;2;1;16;12;;;;7,44;22;;;0;0;0;0
2Lateral;Thierry Rendall Correia;23;POR;;;Valencia;;;;1675;6,85;27;;1;0,05;4;0,21;0,86;94;2,36;2,26;25;8,6;46,53;;0;128;2;1;7;0,38;0,11;2;2,58;48;42;73;;89;;52,23;972;49,11;914;29;1,56;44;13,7;0,43;119;23;17;160;;;;9,62;179;;;0;0;5;0
2Lateral;Toni Lato;24;ESP;;;Valencia;;;;409;6,63;4;;0;;0;;0;94;1,32;0,66;;3,08;40,9;;0;11;0;0;2;0,44;;;2,42;11;3;60;;50;;71,08;323;67,11;305;4;0,88;6;13,2;;15;3;27;14;;;;6,16;28;;;0;0;0;0
6Extremo;Yunus Musah;19;USA;;;Valencia;;;;2165;6,78;28;;2;0,08;2;0,08;2,8;90;1,66;2;33;2,62;63,68;;0;24;0;2;9;0,37;0,42;10;1,41;34;48;75;;55;;64,6;1554;58,24;1401;19;0,79;40;14,4;1,25;30;3;12;63;;;;4,74;114;;;0;0;1;0
2Lateral;Aïssa Mandi;30;ALG;;;Villarreal;;;;1203;6,85;21;;0;;0;;0,38;96;1,8;0,3;0;8,15;57,29;;0;23;1;0;1;0,07;0;0;2,92;39;4;77;;83;;81,02;1083;77,88;1041;6;0,45;24;11,9;0,45;86;3;13;109;;;;9,8;131;;;0;0;4;0
2Lateral;Alberto Moreno;29;ESP;;;Villarreal;;;;1631;6,8;33;;0;;0;;0,14;91;2,92;0,88;50;4,25;60,41;;0;71;1;0;5;0,28;0,06;1;3,2;58;16;84;;78;;65,39;1185;59,76;1083;23;1,27;53;13;0,11;45;18;25;77;;;;5,46;99;;;0;0;4;0
6Extremo;Álex Baena;20;ESP;;;Villarreal;;;;204;6,89;6;;1;0,44;1;0,44;0,52;93;0,88;0,88;33;2,65;25,5;;0;6;0;0;2;0,88;0,88;2;0,88;2;2;40;;86;;70,15;159;65,29;148;3;1,32;2;15;2,65;3;2;33;6;;;;3,09;7;;;0;0;0;0
2Lateral;Alfonso Pedraza;26;ESP;;;Villarreal;;;;1784;6,87;33;;2;0,1;1;0,05;0,93;94;2,52;0,71;57;4,09;68,62;;0;54;3;0;1;0,05;0,2;4;3,43;68;14;81;;69;;71,08;1409;66,64;1321;18;0,91;50;12,5;0,35;56;11;20;81;;;;5,95;118;;;0;0;4;0
6Extremo;Arnaut Danjuma;25;NED;;;Villarreal;;;;2134;6,93;35;;6;0,25;5;0,21;6,61;90;2,02;3,84;50;4,89;59,28;;0;61;0;0;6;0,25;1,14;27;1,6;38;91;86;;62;;54,87;1301;49,55;1175;35;1,48;48;14,5;2,28;34;21;34;116;;;;7,89;187;;;0;0;1;0
4Mediocentro;Dani Parejo;33;ESP;;;Villarreal;;;;2594;7,28;45;;10;0,35;6;0,21;5,42;90;1,14;0,14;49;1,8;78,61;100;3;56;2;0;11;0,38;0,66;19;1,08;31;4;77;;76;;108,28;3121;97,77;2818;53;1,84;33;13;1,35;29;19;33;52;;;;2,36;68;77;;3;3;4;0
4Mediocentro;Etienne Capoue;33;FRA;;;Villarreal;;;;844;6,79;16;;0;;0;;0,16;90;1,07;0,11;0;2,88;46,89;;0;7;0;0;1;0,11;0;0;0,53;5;1;83;;71;;99,17;930;88,83;833;9;0,96;10;12,9;0,32;14;4;57;27;;;;4,05;38;;;0;0;1;0
7Delantero;Fer Niño;21;ESP;;;Villarreal;;;;186;6,94;4;;0;;1;0,48;0,84;91;0;0,97;55;8,23;31;;0;2;0;0;0;;2,9;6;0,48;1;2;0;;63;;45,48;94;41,61;86;3;1,45;0;14,1;5,32;6;0;0;17;;;;13,06;27;;;0;0;0;0
7Delantero;Gerard Moreno;30;ESP;;;Villarreal;;;;2502;7,03;48;;12;0,43;4;0,14;9,33;87;0,72;0,43;45;2,77;75,82;100;3;13;0;0;6;0,22;0,9;25;0,65;18;12;65;;44;;53,96;1500;46,98;1306;24;0,86;20;14,1;2,01;29;4;30;77;;;;6,26;174;65;;3;3;0;0
1Portero;Gerónimo Rulli;30;ARG;;;Villarreal;;;;1890;7,13;33;17;0;;0;;0;89;0;;;;90;;0;;1;0;0;;;;0,1;2;0;0;77;;85;41,67;875;37,24;782;0;;0;6,5;;;;;;22;11;27;;;;9;0;0;0;0
5Mediapunta;Giovani Lo Celso;26;ARG;;;Villarreal;;;;1812;6,95;33;;4;0,2;3;0,15;3,14;92;1,39;0,65;34;1,89;54,91;;0;24;0;0;6;0,3;0,55;11;0,84;17;13;78;;59;;86,18;1735;79,12;1593;23;1,14;28;14;1,59;18;2;8;38;;;;3,18;64;;;0;0;1;0
6Extremo;Johan Mojica;29;COL;;;Villarreal;;;;182;6,62;3;;0;;0;;0,42;93;0,99;1,98;50;6,92;30,33;;0;11;0;0;1;0,49;0,49;1;2,97;6;4;100;;82;;50,93;103;47,47;96;2;0,99;2;13,5;0,99;7;2;18;14;;;;8,41;17;;;0;0;2;0
3Defensa;Jorge Cuenca;22;ESP;;;Villarreal;;;;596;6,87;12;;0;;0;;0,17;97;0,91;;33;9,36;39,73;;0;1;1;0;0;;0,15;1;2,11;14;0;100;;84;;90,15;597;87,13;577;1;0,15;6;10,7;0,45;46;0;0;62;;;;11,17;74;;;0;0;3;0
6Extremo;José Morales;34;ESP;;;Villarreal;;;;1242;6,79;22;;3;0,22;3;0,22;3,17;87;1,09;2,32;46;3,04;36,53;;0;32;0;2;7;0,51;0,94;13;0,58;8;32;71;;55;;53,91;744;46,74;645;20;1,45;15;14,8;2,03;13;6;18;42;;;;5,51;76;;;0;0;1;0
2Lateral;Juan Foyth;24;ARG;;;Villarreal;;;;2115;7,04;42;;2;0,09;3;0,13;0,78;94;1,79;0,34;42;6,47;84,6;;0;65;2;0;7;0,3;0,21;5;2,85;67;8;76;;86;;70,85;1665;66,72;1568;24;1,02;42;12,5;0,51;88;13;20;152;;;;7,49;176;;;0;0;8;1
6Extremo;Kiko Femenía;31;ESP;;;Villarreal;;;;59;6,45;0;;0;;0;;0;81;0;1,53;;;29,5;;0;2;0;0;0;;;;;0;1;0;;100;;;27;;22;1;;0;;;3;1;50;5;;;;;5;;;0;0;0;0
4Mediocentro;Manu Morlanes;23;ESP;;;Villarreal;;;;1178;6,83;20;;0;;2;0,15;0,97;91;0,76;0,23;31;1,99;56,1;;0;9;0;0;6;0,46;0,31;4;0,76;10;3;83;;63;;85,11;1114;77,32;1012;21;1,6;10;13,5;0,99;12;3;33;26;;;;3,13;41;;;0;0;0;0
4Mediocentro;Manu Trigueros;30;ESP;;;Villarreal;;;;2201;7,21;44;;5;0,2;6;0,25;3,64;91;0,61;0,08;50;1,14;71;100;1;189;1;0;14;0,57;0,53;13;0,57;14;2;54;;65;;95,64;2339;87,14;2131;81;3,31;15;13,4;1,06;17;63;33;28;;;;1,76;43;54;;1;1;2;0
3Defensa;Pau Torres;25;ESP;;;Villarreal;;;;2786;7,13;53;;1;0,03;1;0,03;1,87;99;0,87;0,03;38;12,86;84,42;;0;6;6;0;0;;0,32;10;2,68;83;1;79;;89;;88,22;2731;87;2693;2;0,06;27;10,3;0,84;289;1;16;398;;;;14,5;449;;;0;0;3;1
1Portero;Pepe Reina;39;ESP;;;Villarreal;;;;1530;6,88;32;16;0;;0;;0;89;0;;;;90;;0;;0;0;0;;;;0,29;5;0;0;67;;86;37,24;633;33,18;564;0;;0;6,5;;;;;;14;3;16;;;;6;0;0;0;0
3Defensa;Raúl Albiol;36;ESP;;;Villarreal;;;;2840;7,09;55;;3;0,1;0;;2,49;98;0,6;;27;9,54;86,06;;0;2;3;2;0;;0,22;7;3,14;99;0;90;;83;;89,43;2822;87,72;2768;1;0,03;19;10,2;0,82;204;0;0;301;;;;11,47;362;;;0;0;2;0
6Extremo;Samuel Chukwueze;22;NGA;;;Villarreal;;;;1623;6,84;37;;5;0,28;3;0,17;4,55;90;1,39;2,72;50;2,27;52,35;;0;42;0;0;8;0,44;1,16;21;1,11;20;49;81;;43;;54,73;987;49,08;885;34;1,89;25;14,2;2,33;14;17;40;41;;;;5,27;95;;;0;0;0;0
2Lateral;Sergio Carreira;21;ESP;;;Villarreal;;;;786;7,03;12;;0;;2;0,23;0;93;1,83;1,72;;3,66;65,5;;0;95;2;0;6;0,69;;;3,55;31;15;73;;57;;55,76;487;52,1;455;21;2,4;16;13,2;;29;21;22;32;;;;6,41;56;;;0;0;1;0
6Extremo;Yeremy Pino;19;ESP;;;Villarreal;;;;2149;6,94;42;;9;0,38;7;0,29;5,95;89;1,51;2,3;50;3,6;63,21;;0;143;0;0;11;0,46;1,01;24;1,88;45;55;72;;72;;51,51;1230;45,73;1092;47;1,97;36;14;2,01;22;30;20;86;;;;5,03;120;;;0;0;5;0
